﻿title,link,published,summary,category,content
Taylor Swift Breaks 100-Day Instagram Hiatus to Praise Selena Gomez’s ‘I Said I Love You First’: ‘I Love This Album So Much’,https://variety.com/2025/music/news/taylor-swift-praise-selena-gomez-i-said-i-love-you-first-1236345773/,"Sat, 22 Mar 2025 22:01:58 +0000","Taylor Swift returned to Instagram Saturday after not posting on the app for 100 days to praise Selena Gomez&#8217;s &#8220;I Said I Love You First,&#8221; the &#8220;Only Murders in the Building&#8221; star&#8217;s new musical collaboration with her fiancé Benny Blanco. &#8220;[Selena Gomez] &#38; [Benny Blanco] I LOVE THIS ALBUM SO MUCH OH MY GODDDDDDDDDDDD,&#8221; Swift [&#8230;]",Entertainment,"Taylor Swift Breaks 100-Day Instagram Hiatus to Praise Selena Gomez’s ‘I Said I Love You First’: ‘I Love This Album So Much’ Taylor Swift returned to Instagram Saturday after not posting on the app for 100 days to praise Selena Gomez&#8217;s &#8220;I Said I Love You First,&#8221; the &#8220;Only Murders in the Building&#8221; star&#8217;s new musical collaboration with her fiancé Benny Blanco. &#8220;[Selena Gomez] &#38; [Benny Blanco] I LOVE THIS ALBUM SO MUCH OH MY GODDDDDDDDDDDD,&#8221; Swift [&#8230;]"
"Dead & Company, Night 2: Still More Visual Content Added to Sphere Residency, in What Fans Herald as a Peak Performance",https://variety.com/2025/music/news/dead-company-night-2-sphere-residency-visual-content-added-1236345739/,"Sat, 22 Mar 2025 20:56:43 +0000","Las Vegas is filled with even-better-off Deadheads, now that Dead &#38; Company has played the second night of its second Sphere residency, and captivated multi-night attendees with a show that added plenty of fresh visuals not seen on the opening night, as well as what many on hand were describing as an even more intense [&#8230;]",Entertainment,"Dead & Company, Night 2: Still More Visual Content Added to Sphere Residency, in What Fans Herald as a Peak Performance Las Vegas is filled with even-better-off Deadheads, now that Dead &#38; Company has played the second night of its second Sphere residency, and captivated multi-night attendees with a show that added plenty of fresh visuals not seen on the opening night, as well as what many on hand were describing as an even more intense [&#8230;]"
Former ‘Impractical Jokers’ Star Joe Gatto Responds to Sexual Assault Allegation: ‘Working On Myself Is an Ongoing Process’,https://variety.com/2025/tv/news/joe-gatto-responds-sexual-assault-allegations-1236345755/,"Sat, 22 Mar 2025 20:45:15 +0000","Former &#8220;Impractical Jokers&#8221; star Joe Gatto has issued a response after a woman posted a sexual assault allegation against the 48-year-old comedian over TikTok on Thursday. &#8220;I have used poor judgment and as a result have violated the trust of the people I love most,&#8221; Gatto said in a statement. &#8220;But anyone who knows me [&#8230;]",Entertainment,"Former ‘Impractical Jokers’ Star Joe Gatto Responds to Sexual Assault Allegation: ‘Working On Myself Is an Ongoing Process’ Former &#8220;Impractical Jokers&#8221; star Joe Gatto has issued a response after a woman posted a sexual assault allegation against the 48-year-old comedian over TikTok on Thursday. &#8220;I have used poor judgment and as a result have violated the trust of the people I love most,&#8221; Gatto said in a statement. &#8220;But anyone who knows me [&#8230;]"
Sebastian Fundora vs. Chordale Booker Livestream: How to Watch the Premier Boxing Champions Live Online,https://variety.com/2025/shopping/news/how-to-watch-pbc-fundora-vs-booker-online-livestreaming-1236344444/,"Sat, 22 Mar 2025 20:30:00 +0000","Vegas, baby! PBC goes to Sin City tonight, where Sebastian &#8220;The Towering Inferno&#8221; Fundora (21-1-0) defends his Unified Super Welterweight World Champion against Chordale &#8220;The Gift&#8221; Booker (23-1-1). Sebastian Fundora vs. Chordale Booker takes place on Saturday, Mar. 22 at Michelob Ultra Arena at Mandalay Bay Resort &#38; Casino in Las Vegas, Nevada with a [&#8230;]",Entertainment,"Sebastian Fundora vs. Chordale Booker Livestream: How to Watch the Premier Boxing Champions Live Online Vegas, baby! PBC goes to Sin City tonight, where Sebastian &#8220;The Towering Inferno&#8221; Fundora (21-1-0) defends his Unified Super Welterweight World Champion against Chordale &#8220;The Gift&#8221; Booker (23-1-1). Sebastian Fundora vs. Chordale Booker takes place on Saturday, Mar. 22 at Michelob Ultra Arena at Mandalay Bay Resort &#38; Casino in Las Vegas, Nevada with a [&#8230;]"
"Robert De Niro Shares TV Shows He Watches With His ‘Discerning’ Two-Year-Old Toddler: ‘Ms. Rachel, The Wiggles, Blippi’",https://variety.com/2025/tv/people-news/robert-de-niro-kids-tv-shows-ms-rachel-1236345738/,"Sat, 22 Mar 2025 20:09:09 +0000","Even two-time Oscar winner Robert De Niro starts his mornings with &#8220;Ms. Rachel.&#8221; Talking to Andy Cohen for Sirius XM&#8217;s Radio Andy, De Niro shared that his two-year-old daughter Gia has &#8220;discerning taste&#8221; in TV shows, favoring YouTuber Ms. Rachel. &#8220;That&#8217;s what I did this morning,&#8221; De Niro told Cohen. &#8220;&#8216;Ms. Rachel,&#8217; &#8216;The Wiggles,&#8217; &#8216;Blippi.&#8217; [&#8230;]",Entertainment,"Robert De Niro Shares TV Shows He Watches With His ‘Discerning’ Two-Year-Old Toddler: ‘Ms. Rachel, The Wiggles, Blippi’ Even two-time Oscar winner Robert De Niro starts his mornings with &#8220;Ms. Rachel.&#8221; Talking to Andy Cohen for Sirius XM&#8217;s Radio Andy, De Niro shared that his two-year-old daughter Gia has &#8220;discerning taste&#8221; in TV shows, favoring YouTuber Ms. Rachel. &#8220;That&#8217;s what I did this morning,&#8221; De Niro told Cohen. &#8220;&#8216;Ms. Rachel,&#8217; &#8216;The Wiggles,&#8217; &#8216;Blippi.&#8217; [&#8230;]"
‘Locked’: How Custom Built Lenses Captured Anthony Hopkins’ Psychotic Torture of Bill Skarsgård Inside an SUV,https://variety.com/2025/film/directors/locked-anthony-hopkins-bill-skarsgard-david-yarovesky-1236345699/,"Sat, 22 Mar 2025 19:25:20 +0000","What do you get when you lock a young criminal in a luxury sports utility vehicle that is booby trapped to punish its intruder, thanks to some twisted, sadistic planning by its wealthy, vengeful owner? Well, if those two characters are played by Bill Skarsgård and Anthony Hopkins, and the film is directed by David [&#8230;]",Entertainment,"‘Locked’: How Custom Built Lenses Captured Anthony Hopkins’ Psychotic Torture of Bill Skarsgård Inside an SUV What do you get when you lock a young criminal in a luxury sports utility vehicle that is booby trapped to punish its intruder, thanks to some twisted, sadistic planning by its wealthy, vengeful owner? Well, if those two characters are played by Bill Skarsgård and Anthony Hopkins, and the film is directed by David [&#8230;]"
David Cronenberg Says ‘The Brutalist’ AI Controversy Was a ‘Harvey Weinstein Kind Of’ Campaign Spurred by ‘Other Oscar Nominees’: ‘We Mess With Actors’ Voices All the Time’,https://variety.com/2025/film/news/david-cronenberg-brutalist-ai-controversy-harvey-weinstein-1236345695/,"Sat, 22 Mar 2025 18:35:52 +0000","Legendary horror director David Cronenberg has his own thoughts as to why the backlash against the use of AI in &#8220;The Brutalist&#8221; was so strong. Back in January, &#8220;The Brutalist&#8221; editor Dávid Jancsó said AI tools were used to improve the Hungarian dialogue of stars Adrien Brody and Felicity Jones. The use of the controversial [&#8230;]",Entertainment,"David Cronenberg Says ‘The Brutalist’ AI Controversy Was a ‘Harvey Weinstein Kind Of’ Campaign Spurred by ‘Other Oscar Nominees’: ‘We Mess With Actors’ Voices All the Time’ Legendary horror director David Cronenberg has his own thoughts as to why the backlash against the use of AI in &#8220;The Brutalist&#8221; was so strong. Back in January, &#8220;The Brutalist&#8221; editor Dávid Jancsó said AI tools were used to improve the Hungarian dialogue of stars Adrien Brody and Felicity Jones. The use of the controversial [&#8230;]"
Amanda Seyfried Says ‘Jennifer’s Body’ Was a ‘Perfect Movie’ Ruined by Marketing that ‘Sucked’: ‘The Marketing Team Cheapened It’,https://variety.com/2025/film/news/amanda-seyfried-jennifers-body-marketing-1236345676/,"Sat, 22 Mar 2025 17:47:31 +0000","Even Amanda Seyfried agrees &#8220;Jennifer&#8217;s Body&#8221; deserved better marketing. Seyfried, who starred as Needy Lesnicki in Karyn Kusama&#8217;s 2009 cult horror film opposite Megan Fox, looked back on the role in a recent interview with GQ. &#8220;I can&#8217;t critique this movie, to me it&#8217;s perfect. It&#8217;s got balls. [Screenwriter] Diablo Cody was outspoken and beautiful [&#8230;]",Entertainment,"Amanda Seyfried Says ‘Jennifer’s Body’ Was a ‘Perfect Movie’ Ruined by Marketing that ‘Sucked’: ‘The Marketing Team Cheapened It’ Even Amanda Seyfried agrees &#8220;Jennifer&#8217;s Body&#8221; deserved better marketing. Seyfried, who starred as Needy Lesnicki in Karyn Kusama&#8217;s 2009 cult horror film opposite Megan Fox, looked back on the role in a recent interview with GQ. &#8220;I can&#8217;t critique this movie, to me it&#8217;s perfect. It&#8217;s got balls. [Screenwriter] Diablo Cody was outspoken and beautiful [&#8230;]"
The Russo Brothers Originally ‘Said No’ to Robert Downey Jr. When He Asked Them to Direct ‘Avengers: Doomsday’ and ‘Secret Wars’: ‘We Were Resistant For a While’,https://variety.com/2025/film/news/russo-brothers-said-no-avengers-doomsday-secret-wars-1236345671/,"Sat, 22 Mar 2025 17:36:04 +0000","Although Joe and Anthony Russo are responsible for some of Marvel&#8217;s biggest hits, they initially turned down the offer to reunite with the studio to direct Robert Downey Jr. in &#8220;Avengers: Doomsday&#8221; and &#8220;Secret Wars.&#8221; While speaking to Omelete, Joe Russo said it was originally Marvel CEO Kevin Feige&#8217;s idea to reinsert Downey into the [&#8230;]",Entertainment,"The Russo Brothers Originally ‘Said No’ to Robert Downey Jr. When He Asked Them to Direct ‘Avengers: Doomsday’ and ‘Secret Wars’: ‘We Were Resistant For a While’ Although Joe and Anthony Russo are responsible for some of Marvel&#8217;s biggest hits, they initially turned down the offer to reunite with the studio to direct Robert Downey Jr. in &#8220;Avengers: Doomsday&#8221; and &#8220;Secret Wars.&#8221; While speaking to Omelete, Joe Russo said it was originally Marvel CEO Kevin Feige&#8217;s idea to reinsert Downey into the [&#8230;]"
"David Blaine Talks ‘South Park’ Parody, Exploring Real-Life Magic and Pushing His Limits in New Series ‘Do Not Attempt’",https://variety.com/2025/tv/features/david-blaine-do-not-attempt-real-life-magic-1236339840/,"Sat, 22 Mar 2025 17:00:00 +0000","David Blaine has made a habit of blowing people’s minds. The magician and mentalist is known for such feats of endurance as burying himself alive for seven days and holding his breath for more than 17 minutes. But he’s also gone viral with his filmed magic tricks, often shot on the street as strangers observe [&#8230;]",Entertainment,"David Blaine Talks ‘South Park’ Parody, Exploring Real-Life Magic and Pushing His Limits in New Series ‘Do Not Attempt’ David Blaine has made a habit of blowing people’s minds. The magician and mentalist is known for such feats of endurance as burying himself alive for seven days and holding his breath for more than 17 minutes. But he’s also gone viral with his filmed magic tricks, often shot on the street as strangers observe [&#8230;]"
Justin Bieber Shares Mind-Bending Jam Session Video From the Recording Studio,https://www.billboard.com/music/music-news/justin-bieber-trippy-jam-session-studio-video-1235929346/,"Sat, 22 Mar 2025 21:53:04 +0000","""I think I hate myself sometimes when I feel myself start to become inauthentic,"" he captioned the clip.",Entertainment,"Justin Bieber Shares Mind-Bending Jam Session Video From the Recording Studio ""I think I hate myself sometimes when I feel myself start to become inauthentic,"" he captioned the clip."
Olivia Rodrigo Covers No Doubt’s ‘Don’t Speak’ at Lollapalooza Chile 2025,https://www.billboard.com/music/music-news/olivia-rodrigo-no-doubt-dont-speak-cover-lollapalooza-chile-1235929337/,"Sat, 22 Mar 2025 20:12:16 +0000","""This next one is one of my favorite songs that I didn't write,"" the singer told the crowd.",Entertainment,"Olivia Rodrigo Covers No Doubt’s ‘Don’t Speak’ at Lollapalooza Chile 2025 ""This next one is one of my favorite songs that I didn't write,"" the singer told the crowd."
Taylor Swift Gushes Over Selena Gomez & Benny Blanco’s ‘I Said I Love You First’: ‘I Love This Album So Much’,https://www.billboard.com/music/music-news/taylor-swift-selena-gomez-benny-blanco-album-reaction-1235929340/,"Sat, 22 Mar 2025 19:34:03 +0000",Swift took to her Instagram Stories to praise her friend's collaborative project shortly after its debut.,Entertainment,Taylor Swift Gushes Over Selena Gomez & Benny Blanco’s ‘I Said I Love You First’: ‘I Love This Album So Much’ Swift took to her Instagram Stories to praise her friend's collaborative project shortly after its debut.
Beyoncé’s Dad Mathew Knowles Addresses Ye’s Offensive Comments About His Grandkids,https://www.billboard.com/music/music-news/beyonce-dad-mathew-knowles-kanye-west-grandkids-comments-1235929330/,"Sat, 22 Mar 2025 17:59:40 +0000","""People pay a price for being stupid, especially in the music industry,"" Knowles said.",Entertainment,"Beyoncé’s Dad Mathew Knowles Addresses Ye’s Offensive Comments About His Grandkids ""People pay a price for being stupid, especially in the music industry,"" Knowles said."
Yella Beezy Charged With Capital Murder in Shooting Death of Mo3,https://www.billboard.com/music/rb-hip-hop/yella-beezy-capital-murder-shooting-death-mo3-1235929328/,"Sat, 22 Mar 2025 16:42:25 +0000",The Texas rapper was indicted by a Dallas County grand jury on March 18.,Entertainment,Yella Beezy Charged With Capital Murder in Shooting Death of Mo3 The Texas rapper was indicted by a Dallas County grand jury on March 18.
"Nicky Jam & J Balvin’s Bromance, Plus More Uplifting Moments in Latin Music",https://www.billboard.com/music/latin/best-latin-music-news-j-balvin-nicky-jam-becky-g-1235927787/,"Sat, 22 Mar 2025 14:00:00 +0000","Plus, watch Becky G &#38; Gloria Estefan dance to Bad Bunny's ""Nuevayol.""",Entertainment,"Nicky Jam & J Balvin’s Bromance, Plus More Uplifting Moments in Latin Music Plus, watch Becky G &#38; Gloria Estefan dance to Bad Bunny's ""Nuevayol."""
Fans React & Share Their Thoughts on Billboard’s 2025 Women In Music Line Up | Billboard News,https://www.billboard.com/video/fans-react-to-billboards-2025-women-in-music-line-up/,"Sat, 22 Mar 2025 13:00:00 +0000","Fans at Rolling Loud react and share their thoughts on our honoree line up for 2025 Billboard&#8217;s Women in Music. Tetris Kelly&#160;&#160; Hanging out at Rolling Loud, talking about some of our favorite women in music. How do you feel about our girl, Tyla? Oh, I love Tyla. I mean, come on, what song gets [&#8230;]",Entertainment,"Fans React & Share Their Thoughts on Billboard’s 2025 Women In Music Line Up | Billboard News Fans at Rolling Loud react and share their thoughts on our honoree line up for 2025 Billboard&#8217;s Women in Music. Tetris Kelly&#160;&#160; Hanging out at Rolling Loud, talking about some of our favorite women in music. How do you feel about our girl, Tyla? Oh, I love Tyla. I mean, come on, what song gets [&#8230;]"
"StubHub Files for IPO, Says Revenue Was Up 29% to $1.77 Billion in 2024",https://www.billboard.com/pro/stubhub-ipo-2024-revenue-1-77-billion/,"Sat, 22 Mar 2025 01:02:12 +0000",The secondary ticketing company had gross sales of $8.7 billion in 2024 and plans to use the IPO proceeds to pay down its $2.33 billion of long-term debt.,Entertainment,"StubHub Files for IPO, Says Revenue Was Up 29% to $1.77 Billion in 2024 The secondary ticketing company had gross sales of $8.7 billion in 2024 and plans to use the IPO proceeds to pay down its $2.33 billion of long-term debt."
Here’s Why Fans Think Selena Gomez Referenced Taylor Swift on Her New Album,https://www.billboard.com/music/music-news/selena-gomez-reference-taylor-swift-younger-hotter-than-me-1235929301/,"Sat, 22 Mar 2025 00:54:11 +0000","Gomez might have been inspired by Swift on ""Younger and Hotter Than Me.""",Entertainment,"Here’s Why Fans Think Selena Gomez Referenced Taylor Swift on Her New Album Gomez might have been inspired by Swift on ""Younger and Hotter Than Me."""
Kelly Clarkson Says She ‘Lost a Lot’ But ‘Found Comfort’ With Her Fans While Celebrating 1000th Episode of Talk Show,https://www.billboard.com/culture/tv-film/kelly-clarkson-celebrates-1000th-episode-of-talk-show-1235929244/,"Fri, 21 Mar 2025 23:57:32 +0000",The daytime talk show premiered in 2019.,Entertainment,Kelly Clarkson Says She ‘Lost a Lot’ But ‘Found Comfort’ With Her Fans While Celebrating 1000th Episode of Talk Show The daytime talk show premiered in 2019.
"Pope Francis to Be Discharged From Hospital Sunday, Doctors Announce",https://www.rollingstone.com/culture/culture-news/pope-francis-discharged-hospital-sunday-doctors-1235301558/,"Sat, 22 Mar 2025 18:41:25 +0000","""Today we are happy to say that tomorrow he will be at home,"" pontiff's doctor says, adding that Francis will next have ""rest period of at least two months""",Entertainment,"Pope Francis to Be Discharged From Hospital Sunday, Doctors Announce ""Today we are happy to say that tomorrow he will be at home,"" pontiff's doctor says, adding that Francis will next have ""rest period of at least two months"""
"Jason Boland, Red Dirt Forefather, Continues to Break ‘One Law at a Time’ on New Album",https://www.rollingstone.com/music/music-features/jason-boland-red-dirt-last-kings-of-babylon-1235301538/,"Sat, 22 Mar 2025 16:00:09 +0000","<em>The Last Kings of Babylon</em> finds the Texas transplant ruminating on a lengthy career and picking apart what mainstream country got wrong: ""It was this cartoonish version with pickup trucks, beer, blue jeans and dirt roads""",Entertainment,"Jason Boland, Red Dirt Forefather, Continues to Break ‘One Law at a Time’ on New Album <em>The Last Kings of Babylon</em> finds the Texas transplant ruminating on a lengthy career and picking apart what mainstream country got wrong: ""It was this cartoonish version with pickup trucks, beer, blue jeans and dirt roads"""
‘We’ve Got to Start Talking About This’: Stephen Graham on Making ‘Adolescence’,https://www.rollingstone.com/tv-movies/tv-movie-features/adolescence-stephen-graham-interview-1235299218/,"Sat, 22 Mar 2025 16:00:00 +0000","Star/cowriter of the hit Netflix show explains the inspirations behind the story, how they pulled off the single-shot episodes, and why he hopes ""this is just the beginning of the conversation""",Entertainment,"‘We’ve Got to Start Talking About This’: Stephen Graham on Making ‘Adolescence’ Star/cowriter of the hit Netflix show explains the inspirations behind the story, how they pulled off the single-shot episodes, and why he hopes ""this is just the beginning of the conversation"""
See Dua Lipa Bring Out Troye Sivan to Perform ‘Rush’ at Melbourne Concert,https://www.rollingstone.com/music/music-news/dua-lipa-troye-sivan-rush-melbourne-concert-1235301528/,"Sat, 22 Mar 2025 15:30:48 +0000","Singer continues trend of covering ""a local artist"" on Down Under tour, this time with a little help",Entertainment,"See Dua Lipa Bring Out Troye Sivan to Perform ‘Rush’ at Melbourne Concert Singer continues trend of covering ""a local artist"" on Down Under tour, this time with a little help"
‘God of War’ Is the Ultimate Edgelord Game of the 2000s — But It’s Still Great,https://www.rollingstone.com/culture/rs-gaming/god-of-war-20-anniversary-1235300130/,"Sat, 22 Mar 2025 15:00:00 +0000","Despite its gratuitous violence and sexist treatment of women, <em>God of War</em> is the quintessential video game of a bygone era",Entertainment,"‘God of War’ Is the Ultimate Edgelord Game of the 2000s — But It’s Still Great Despite its gratuitous violence and sexist treatment of women, <em>God of War</em> is the quintessential video game of a bygone era"
Andrew Cuomo’s Exorbitantly Expensive Taxpayer-Funded Revenge Campaign,https://www.rollingstone.com/politics/politics-features/andrew-cuomo-taxpayer-funded-revenge-campaign-1235301494/,"Sat, 22 Mar 2025 14:00:00 +0000",The costs — billed to New York taxpayers — continue to accrue as Cuomo pursues public office once again,Entertainment,Andrew Cuomo’s Exorbitantly Expensive Taxpayer-Funded Revenge Campaign The costs — billed to New York taxpayers — continue to accrue as Cuomo pursues public office once again
See Tramell Tillman (Milchick) Lead Marching Band at ‘Severance’ Finale Panel,https://www.rollingstone.com/tv-movies/tv-movie-news/tramell-tillman-milchick-marching-band-severance-panel-1235301514/,"Sat, 22 Mar 2025 13:53:54 +0000",Actor and Lumon’s Choreography and Merriment department make surprise appearance at PaleyFest,Entertainment,See Tramell Tillman (Milchick) Lead Marching Band at ‘Severance’ Finale Panel Actor and Lumon’s Choreography and Merriment department make surprise appearance at PaleyFest
Trump Wants to Boost Crypto ‘Stablecoins’ (Which Are Far From Stable),https://www.rollingstone.com/politics/political-commentary/trump-crypto-stablecoins-boost-risk-1235301326/,"Sat, 22 Mar 2025 13:30:00 +0000",Trump and lawmakers are trying to normalize a risky type of crypto that could harm more people when the next bubble bursts,Entertainment,Trump Wants to Boost Crypto ‘Stablecoins’ (Which Are Far From Stable) Trump and lawmakers are trying to normalize a risky type of crypto that could harm more people when the next bubble bursts
"Trump Escalates Revenge Tour, Pulls Security  Clearance for Kamala Harris, Hillary Clinton",https://www.rollingstone.com/politics/politics-news/trump-security-clearance-kamala-harris-hillary-clinton-1235301470/,"Sat, 22 Mar 2025 05:14:23 +0000",The president also revoked clearance for former President Joe Biden and has continued to target his political rivals since taking office,Entertainment,"Trump Escalates Revenge Tour, Pulls Security  Clearance for Kamala Harris, Hillary Clinton The president also revoked clearance for former President Joe Biden and has continued to target his political rivals since taking office"
"For Millions of People, George Foreman Was the King of the Grill",https://www.rollingstone.com/product-recommendations/lifestyle/best-george-foreman-grill-reviews-buy-online-1235301456/,"Sat, 22 Mar 2025 04:25:39 +0000","First introduced in 1994, the boxer's namesake grills became an emblem for easy, healthy cooking",Entertainment,"For Millions of People, George Foreman Was the King of the Grill First introduced in 1994, the boxer's namesake grills became an emblem for easy, healthy cooking"
