﻿title,link,published,summary,category,content
Sols 4486-4487: Ankle-Breaking Kind of Terrain!,https://science.nasa.gov/blog/sols-4486-4487-ankle-breaking-kind-of-terrain/,"Sat, 22 Mar 2025 01:13:54 +0000","Written by Catherine O’Connell-Cooper, Planetary Geologist at University of New Brunswick Earth planning date: Wednesday, March 19, 2025  This terrain is a tricky drive, with rocks angled chaotically all around. One of our geologists remarked that they wouldn’t like to even walk over this without solid boots coming way up over the ankles — this […]",Science,"Sols 4486-4487: Ankle-Breaking Kind of Terrain! Written by Catherine O’Connell-Cooper, Planetary Geologist at University of New Brunswick Earth planning date: Wednesday, March 19, 2025  This terrain is a tricky drive, with rocks angled chaotically all around. One of our geologists remarked that they wouldn’t like to even walk over this without solid boots coming way up over the ankles — this […]"
Shocking Spherules!,https://science.nasa.gov/blog/shocking-spherules/,"Sat, 22 Mar 2025 00:06:04 +0000","Written by Alex Jones, Ph.D. candidate at Imperial College London Last week the Perseverance Science Team were astonished by a strange rock comprised of hundreds of millimeter-sized spheres… and the team are now working hard to understand their origin.  It has now been two weeks since Perseverance arrived at Broom Point, situated at the lower […]",Science,"Shocking Spherules! Written by Alex Jones, Ph.D. candidate at Imperial College London Last week the Perseverance Science Team were astonished by a strange rock comprised of hundreds of millimeter-sized spheres… and the team are now working hard to understand their origin.  It has now been two weeks since Perseverance arrived at Broom Point, situated at the lower […]"
CAS Discovery and Foresight,https://www.nasa.gov/directorates/armd/tacp/cas/cas-discovery/,"Fri, 21 Mar 2025 23:16:35 +0000","Convergent Aeronautics Solutions (CAS) Discovery identifies problems worth solving for the benefit of all. We formulate “convergent” problems—across multiple disciplines and sectors—and build footholds toward potentially transformative opportunities in aeronautics. As aeronautics rapidly advances, it is increasingly intersecting with other sectors like energy, healthcare, emergency response, economic resilience, the space economy, and more. CAS Discovery [&#8230;]",Science,"CAS Discovery and Foresight Convergent Aeronautics Solutions (CAS) Discovery identifies problems worth solving for the benefit of all. We formulate “convergent” problems—across multiple disciplines and sectors—and build footholds toward potentially transformative opportunities in aeronautics. As aeronautics rapidly advances, it is increasingly intersecting with other sectors like energy, healthcare, emergency response, economic resilience, the space economy, and more. CAS Discovery [&#8230;]"
NASA to Launch Three Rockets from Alaska in Single Aurora Experiment,https://science.nasa.gov/missions/sounding-rockets/nasa-alaska-rockets-aurora-experiment/,"Fri, 21 Mar 2025 18:00:29 +0000","Three NASA-funded rockets are set to launch from Poker Flat Research Range in Fairbanks, Alaska, in an experiment that seeks to reveal how auroral substorms affect the behavior and composition of Earth’s far upper atmosphere.  The experiment’s outcome could upend a long-held theory about the aurora’s interaction with the thermosphere. It may also improve space […]",Science,"NASA to Launch Three Rockets from Alaska in Single Aurora Experiment Three NASA-funded rockets are set to launch from Poker Flat Research Range in Fairbanks, Alaska, in an experiment that seeks to reveal how auroral substorms affect the behavior and composition of Earth’s far upper atmosphere.  The experiment’s outcome could upend a long-held theory about the aurora’s interaction with the thermosphere. It may also improve space […]"
NASA Reveals Semifinalists of Power to Explore Challenge,https://science.nasa.gov/technology/rps/nasa-reveals-semifinalists-of-power-to-explore-challenge/,"Fri, 21 Mar 2025 17:50:02 +0000","NASA has selected the 45 semifinalists of the Power to Explore Challenge, a national competition for K-12 students featuring the enabling power of radioisotopes.",Science,"NASA Reveals Semifinalists of Power to Explore Challenge NASA has selected the 45 semifinalists of the Power to Explore Challenge, a national competition for K-12 students featuring the enabling power of radioisotopes."
Making Ripples,https://www.nasa.gov/image-article/making-ripples/,"Fri, 21 Mar 2025 17:25:51 +0000","A dolphin swims through the water in the Launch Complex 39 Area turn basin at NASA&#8217;s Kennedy Space Center in Florida on Nov. 6, 2007. The turn basin was carved out of the Banana River when NASA Kennedy was built. Dolphins are a frequent sight in the rivers around Kennedy, which shares a boundary with [&#8230;]",Science,"Making Ripples A dolphin swims through the water in the Launch Complex 39 Area turn basin at NASA&#8217;s Kennedy Space Center in Florida on Nov. 6, 2007. The turn basin was carved out of the Banana River when NASA Kennedy was built. Dolphins are a frequent sight in the rivers around Kennedy, which shares a boundary with [&#8230;]"
NASA Astronauts to Answer Questions from Students in New York,https://www.nasa.gov/news-release/nasa-astronauts-to-answer-questions-from-students-in-new-york/,"Fri, 21 Mar 2025 17:22:28 +0000","Students from Richmond Hill, New York,will have the chance to connect with NASA astronauts Anne McClain and Nichole Ayers as they answer prerecorded science, technology, engineering, and mathematics-related questions from aboard the International Space Station. Watch the 20-minute space-to-Earth call at 12 p.m. EDT on Wednesday, March 26, on NASA+ and learn how to watch [&#8230;]",Science,"NASA Astronauts to Answer Questions from Students in New York Students from Richmond Hill, New York,will have the chance to connect with NASA astronauts Anne McClain and Nichole Ayers as they answer prerecorded science, technology, engineering, and mathematics-related questions from aboard the International Space Station. Watch the 20-minute space-to-Earth call at 12 p.m. EDT on Wednesday, March 26, on NASA+ and learn how to watch [&#8230;]"
NASA’s Artemis II Orion Service Module Buttoned Up for Launch,https://www.nasa.gov/image-article/nasas-artemis-ii-orion-service-module-buttoned-up-for-launch/,"Fri, 21 Mar 2025 15:55:21 +0000","Technicians with NASA and Lockheed Martin fitted three spacecraft adapter jettison fairing panels onto the service module of the agency’s Orion’s spacecraft. The operation completed on Wednesday, March 19, 2025, inside the Neil A. Armstrong Operations and Checkout Building at NASA’s Kennedy Space Center in Florida. The European-built service module is the powerhouse that will [&#8230;]",Science,"NASA’s Artemis II Orion Service Module Buttoned Up for Launch Technicians with NASA and Lockheed Martin fitted three spacecraft adapter jettison fairing panels onto the service module of the agency’s Orion’s spacecraft. The operation completed on Wednesday, March 19, 2025, inside the Neil A. Armstrong Operations and Checkout Building at NASA’s Kennedy Space Center in Florida. The European-built service module is the powerhouse that will [&#8230;]"
NASA to Cover Northrop Grumman’s 21st Cargo Space Station Departure,https://www.nasa.gov/news-release/nasa-to-cover-northrop-grummans-21st-cargo-space-station-departure/,"Fri, 21 Mar 2025 15:19:03 +0000","After delivering more than 8,200 pounds of supplies, scientific investigations, commercial products, hardware, and other cargo to the orbiting laboratory for NASA and its international partners, Northrop Grumman’s uncrewed Cygnus spacecraft is scheduled to depart the International Space Station on Friday, March 28. Watch NASA’s live coverage of undocking and departure at 6:30 a.m. EDT [&#8230;]",Science,"NASA to Cover Northrop Grumman’s 21st Cargo Space Station Departure After delivering more than 8,200 pounds of supplies, scientific investigations, commercial products, hardware, and other cargo to the orbiting laboratory for NASA and its international partners, Northrop Grumman’s uncrewed Cygnus spacecraft is scheduled to depart the International Space Station on Friday, March 28. Watch NASA’s live coverage of undocking and departure at 6:30 a.m. EDT [&#8230;]"
3D Printing: Saving Weight and Space at Launch,https://www.nasa.gov/missions/station/iss-research/3d-printing-saving-weight-and-space-at-launch/,"Fri, 21 Mar 2025 14:00:00 +0000","Science in Space March 2025 Additive manufacturing, also known as 3D printing, is regularly used on the ground to quickly produce a variety of devices. Adapting this process for space could let crew members create tools and parts for maintenance and repair of equipment on the spot, rather than trying to bring along every item [&#8230;]",Science,"3D Printing: Saving Weight and Space at Launch Science in Space March 2025 Additive manufacturing, also known as 3D printing, is regularly used on the ground to quickly produce a variety of devices. Adapting this process for space could let crew members create tools and parts for maintenance and repair of equipment on the spot, rather than trying to bring along every item [&#8230;]"
Origin of life: How microbes laid the foundation for complex cells,https://www.sciencedaily.com/releases/2025/03/250321163605.htm,"Fri, 21 Mar 2025 16:36:05 EDT","Who were our earliest ancestors? The answer could lie in a special group of single-celled organisms with a cytoskeleton similar to that of complex organisms, such as animals and plants.",Science,"Origin of life: How microbes laid the foundation for complex cells Who were our earliest ancestors? The answer could lie in a special group of single-celled organisms with a cytoskeleton similar to that of complex organisms, such as animals and plants."
Peacekeeper cells protect the body from autoimmunity during infection,https://www.sciencedaily.com/releases/2025/03/250321163545.htm,"Fri, 21 Mar 2025 16:35:45 EDT",New research shows how a specially trained population of immune cells keeps the peace by preventing other immune cells from attacking their own. The study provides a better understanding of immune regulation during infection and could provide a foundation for interventions to prevent or reverse autoimmune diseases.,Science,Peacekeeper cells protect the body from autoimmunity during infection New research shows how a specially trained population of immune cells keeps the peace by preventing other immune cells from attacking their own. The study provides a better understanding of immune regulation during infection and could provide a foundation for interventions to prevent or reverse autoimmune diseases.
Transition point in romantic relationships signals the beginning of their end,https://www.sciencedaily.com/releases/2025/03/250321163543.htm,"Fri, 21 Mar 2025 16:35:43 EDT","The end of a romantic relationship usually does not come out of the blue but is indicated one or two years before the breakup. As the results of a psychological study have demonstrated, the terminal stage of a relationship consists of two phases. First, there is a gradual decline in relationship satisfaction, reaching a transition point one to two years before the dissolution of the relationship.",Science,"Transition point in romantic relationships signals the beginning of their end The end of a romantic relationship usually does not come out of the blue but is indicated one or two years before the breakup. As the results of a psychological study have demonstrated, the terminal stage of a relationship consists of two phases. First, there is a gradual decline in relationship satisfaction, reaching a transition point one to two years before the dissolution of the relationship."
Groundbreaking study unveils new complexities in synchronization phenomena,https://www.sciencedaily.com/releases/2025/03/250321163525.htm,"Fri, 21 Mar 2025 16:35:25 EDT",A researcher has conducted an experimental demonstration of intricate and previously theorized behaviors in the fundamental patterns that govern oscillatory systems in nature and technology.,Science,Groundbreaking study unveils new complexities in synchronization phenomena A researcher has conducted an experimental demonstration of intricate and previously theorized behaviors in the fundamental patterns that govern oscillatory systems in nature and technology.
"Southeast Asia's fisheries benefit from small-scale, multispecies capture",https://www.sciencedaily.com/releases/2025/03/250321121532.htm,"Fri, 21 Mar 2025 12:15:32 EDT","Despite decades of warnings about overfishing, Southeast Asia's capture fisheries have proven remarkably robust.",Science,"Southeast Asia's fisheries benefit from small-scale, multispecies capture Despite decades of warnings about overfishing, Southeast Asia's capture fisheries have proven remarkably robust."
Bubbly idea: Ultrafine bubble showers suppress atopic dermatitis,https://www.sciencedaily.com/releases/2025/03/250321121459.htm,"Fri, 21 Mar 2025 12:14:59 EDT",A medical research team has confirmed that ultrafine bubble showers significantly suppress inflammation in mice with atopic dermatitis due to external factors.,Science,Bubbly idea: Ultrafine bubble showers suppress atopic dermatitis A medical research team has confirmed that ultrafine bubble showers significantly suppress inflammation in mice with atopic dermatitis due to external factors.
Research team uncovers structure of cellular protective layer,https://www.sciencedaily.com/releases/2025/03/250321121456.htm,"Fri, 21 Mar 2025 12:14:56 EDT",Scientists have uncovered details of the protective layer that surrounds the fine protrusions of cells.,Science,Research team uncovers structure of cellular protective layer Scientists have uncovered details of the protective layer that surrounds the fine protrusions of cells.
Proton-coupled electron transfer: Deciphered with high pressure,https://www.sciencedaily.com/releases/2025/03/250321121450.htm,"Fri, 21 Mar 2025 12:14:50 EDT",Chemists reveal method for differentiating PCET mechanisms -- a key step for steering fundamental energy conversion and redox catalysis processes.,Science,Proton-coupled electron transfer: Deciphered with high pressure Chemists reveal method for differentiating PCET mechanisms -- a key step for steering fundamental energy conversion and redox catalysis processes.
Potential risk biomarkers found for schizophrenia resulting from cannabis use,https://www.sciencedaily.com/releases/2025/03/250321121447.htm,"Fri, 21 Mar 2025 12:14:47 EDT","A new study has analyzed and compared the fatty acids in the blood of individuals with schizophrenia, of those with cannabis use disorder and of those with both diagnoses, with the aim of shedding light on new biomarkers and improving the understanding of the biological relationship between the two disorders. The study also offers a powerful tool for identifying new biomarkers.",Science,"Potential risk biomarkers found for schizophrenia resulting from cannabis use A new study has analyzed and compared the fatty acids in the blood of individuals with schizophrenia, of those with cannabis use disorder and of those with both diagnoses, with the aim of shedding light on new biomarkers and improving the understanding of the biological relationship between the two disorders. The study also offers a powerful tool for identifying new biomarkers."
Device enables direct communication among multiple quantum processors,https://www.sciencedaily.com/releases/2025/03/250321121324.htm,"Fri, 21 Mar 2025 12:13:24 EDT","Researchers developed a scalable interconnect that facilitates all-to-all communication among many quantum processor modules by enabling each to send and receive quantum information on demand in a user-specified direction. They used the interconnect to demonstrate remote entanglement, a type of correlation that is key to creating a powerful, distributed network of quantum processors.",Science,"Device enables direct communication among multiple quantum processors Researchers developed a scalable interconnect that facilitates all-to-all communication among many quantum processor modules by enabling each to send and receive quantum information on demand in a user-specified direction. They used the interconnect to demonstrate remote entanglement, a type of correlation that is key to creating a powerful, distributed network of quantum processors."
New real-time method for environmental monitoring,https://www.sciencedaily.com/releases/2025/03/250321121322.htm,"Fri, 21 Mar 2025 12:13:22 EDT",Detecting microplastics and identifying plant stress at an early stage -- this and much more can now be done thanks to a new method based on near-infrared light measurements. It is inexpensive and works in real time.,Science,New real-time method for environmental monitoring Detecting microplastics and identifying plant stress at an early stage -- this and much more can now be done thanks to a new method based on near-infrared light measurements. It is inexpensive and works in real time.
VR study reveals how pain and fear weaken sense of body ownership,https://www.sciencedaily.com/releases/2025/03/250321121316.htm,"Fri, 21 Mar 2025 12:13:16 EDT","A study found that when people were told to imagine their virtual bodies in pain, their brains resisted the illusion of ownership. Their findings could provide insights into why some people may struggle with feeling connected to their own bodies, particularly in contexts involving depersonalization or negative physical states.",Science,"VR study reveals how pain and fear weaken sense of body ownership A study found that when people were told to imagine their virtual bodies in pain, their brains resisted the illusion of ownership. Their findings could provide insights into why some people may struggle with feeling connected to their own bodies, particularly in contexts involving depersonalization or negative physical states."
Nursery of the blood: How stem cells calm the body's immune response,https://www.sciencedaily.com/releases/2025/03/250321121314.htm,"Fri, 21 Mar 2025 12:13:14 EDT","Our blood consists of many cell types that develop through different stages from a precursor type -- the blood stem cell. An international research team has now investigated the developmental pathways of blood cells in humans. The results yielded a surprise: Even stem cells possess surface proteins that enable them to suppress the activation of inflammatory and immune responses in the body. This finding is particularly relevant for stem cell transplants, applied for the treatment of e.g. leukemia.",Science,"Nursery of the blood: How stem cells calm the body's immune response Our blood consists of many cell types that develop through different stages from a precursor type -- the blood stem cell. An international research team has now investigated the developmental pathways of blood cells in humans. The results yielded a surprise: Even stem cells possess surface proteins that enable them to suppress the activation of inflammatory and immune responses in the body. This finding is particularly relevant for stem cell transplants, applied for the treatment of e.g. leukemia."
New eye drops slow vision loss in animals,https://www.sciencedaily.com/releases/2025/03/250321121311.htm,"Fri, 21 Mar 2025 12:13:11 EDT","Researchers have developed eye drops that extend vision in animal models of a group of inherited diseases that lead to progressive vision loss in humans, known as retinitis pigmentosa.",Science,"New eye drops slow vision loss in animals Researchers have developed eye drops that extend vision in animal models of a group of inherited diseases that lead to progressive vision loss in humans, known as retinitis pigmentosa."
Boosting brain's waste removal system improves memory in old mice,https://www.sciencedaily.com/releases/2025/03/250321121306.htm,"Fri, 21 Mar 2025 12:13:06 EDT","Aging compromises the lymphatic vessels surrounding the brain, disabling waste drainage from the brain and impacting cognitive function. Researchers boosted lymphatic vessel integrity in old mice and found improvements in their memory compared with old mice without rejuvenated lymphatic vessels.",Science,"Boosting brain's waste removal system improves memory in old mice Aging compromises the lymphatic vessels surrounding the brain, disabling waste drainage from the brain and impacting cognitive function. Researchers boosted lymphatic vessel integrity in old mice and found improvements in their memory compared with old mice without rejuvenated lymphatic vessels."
Green recipe: Engineered yeast boosts D-lactic acid production,https://www.sciencedaily.com/releases/2025/03/250320231811.htm,"Thu, 20 Mar 2025 23:18:11 EDT","Researchers have engineered yeast to efficiently convert methanol into D-lactic acid, a key compound for biodegradable plastics and pharmaceuticals. By optimizing gene and promoter combinations, they achieved the highest reported yield to date, offering a sustainable alternative to petroleum-based production. Their findings advance eco-friendly chemical manufacturing.",Science,"Green recipe: Engineered yeast boosts D-lactic acid production Researchers have engineered yeast to efficiently convert methanol into D-lactic acid, a key compound for biodegradable plastics and pharmaceuticals. By optimizing gene and promoter combinations, they achieved the highest reported yield to date, offering a sustainable alternative to petroleum-based production. Their findings advance eco-friendly chemical manufacturing."
Almost half of children with complicated appendicitis can recover from surgery at home,https://www.sciencedaily.com/releases/2025/03/250320231803.htm,"Thu, 20 Mar 2025 23:18:03 EDT","Almost half of children who require surgery for complicated appendicitis can safely complete their recovery at home, according to a new study.",Science,"Almost half of children with complicated appendicitis can recover from surgery at home Almost half of children who require surgery for complicated appendicitis can safely complete their recovery at home, according to a new study."
Aotearoa once home to elephant seals,https://www.sciencedaily.com/releases/2025/03/250320231653.htm,"Thu, 20 Mar 2025 23:16:53 EDT","Southern elephant seals are the 'canary in the coal mine' for the Southern Ocean, offering insight into how the ecosystem may react to future climate change and human impact, new research shows.",Science,"Aotearoa once home to elephant seals Southern elephant seals are the 'canary in the coal mine' for the Southern Ocean, offering insight into how the ecosystem may react to future climate change and human impact, new research shows."
New DESI results strengthen hints that dark energy may evolve,https://www.sciencedaily.com/releases/2025/03/250320214311.htm,"Thu, 20 Mar 2025 21:43:11 EDT",The Dark Energy Spectroscopic Instrument used millions of galaxies and quasars to build the largest 3D map of our universe to date. Combining their data with other experiments shows signs that the impact of dark energy may be weakening over time -- and the standard model of how the universe works may need an update.,Science,New DESI results strengthen hints that dark energy may evolve The Dark Energy Spectroscopic Instrument used millions of galaxies and quasars to build the largest 3D map of our universe to date. Combining their data with other experiments shows signs that the impact of dark energy may be weakening over time -- and the standard model of how the universe works may need an update.
"Researchers capture first laser-driven, high-resolution CT scans of dense objects",https://www.sciencedaily.com/releases/2025/03/250320195310.htm,"Thu, 20 Mar 2025 19:53:10 EDT","A research team has achieved a new milestone in 3D X-ray imaging technology. The scientists have captured high-resolution CT scans of the interior of a large, dense object -- a gas turbine blade -- using a compact, laser-driven X-ray source. The work is part of a larger vision to leverage high-intensity lasers for a wide range of uses, from studying inertial fusion energy to generating bright beams of GeV electrons and MeV x-rays.",Science,"Researchers capture first laser-driven, high-resolution CT scans of dense objects A research team has achieved a new milestone in 3D X-ray imaging technology. The scientists have captured high-resolution CT scans of the interior of a large, dense object -- a gas turbine blade -- using a compact, laser-driven X-ray source. The work is part of a larger vision to leverage high-intensity lasers for a wide range of uses, from studying inertial fusion energy to generating bright beams of GeV electrons and MeV x-rays."
AI-powered mammograms: A new window into heart health,https://www.sciencedaily.com/releases/2025/03/250320145457.htm,"Thu, 20 Mar 2025 14:54:57 EDT","Mammograms, with the help of artificial intelligence (AI) models, may reveal much more than cancer, according to a new study. The findings highlight how these important cancer screening tools can also be used to assess the amount of calcium buildup in the arteries within breast tissue -- an indicator of cardiovascular health.",Science,"AI-powered mammograms: A new window into heart health Mammograms, with the help of artificial intelligence (AI) models, may reveal much more than cancer, according to a new study. The findings highlight how these important cancer screening tools can also be used to assess the amount of calcium buildup in the arteries within breast tissue -- an indicator of cardiovascular health."
Weather emergencies affect older adults' views on climate and health,https://www.sciencedaily.com/releases/2025/03/250320145454.htm,"Thu, 20 Mar 2025 14:54:54 EDT","Nearly 3 out of every 4 older Americans have experienced at least one extreme weather event in the last two years, a poll finds. And living through such an event appears to make a big difference in how they view the potential impact of climate change on their health. People over 50 who recently experienced an extreme weather event are far more likely to express concern about the effects of climate change on their health.",Science,"Weather emergencies affect older adults' views on climate and health Nearly 3 out of every 4 older Americans have experienced at least one extreme weather event in the last two years, a poll finds. And living through such an event appears to make a big difference in how they view the potential impact of climate change on their health. People over 50 who recently experienced an extreme weather event are far more likely to express concern about the effects of climate change on their health."
New AI tool generates high-quality images faster than state-of-the-art approaches,https://www.sciencedaily.com/releases/2025/03/250320145449.htm,"Thu, 20 Mar 2025 14:54:49 EDT","Researchers developed a hybrid AI approach that can generate realistic images with the same or better quality than state-of-the-art diffusion models, but that runs about nine times faster and uses fewer computational resources. The tool uses an autoregressive model to quickly capture the big picture and then a small diffusion model to refine the details of the image.",Science,"New AI tool generates high-quality images faster than state-of-the-art approaches Researchers developed a hybrid AI approach that can generate realistic images with the same or better quality than state-of-the-art diffusion models, but that runs about nine times faster and uses fewer computational resources. The tool uses an autoregressive model to quickly capture the big picture and then a small diffusion model to refine the details of the image."
Muonic atoms unlock new possibilities in nuclear physics,https://www.sciencedaily.com/releases/2025/03/250320145347.htm,"Thu, 20 Mar 2025 14:53:47 EDT","Researchers have combined theory and experiments to show that nuclear polarization does not limit studies of muonic atoms, clearing the way for new nuclear physics experiments.",Science,"Muonic atoms unlock new possibilities in nuclear physics Researchers have combined theory and experiments to show that nuclear polarization does not limit studies of muonic atoms, clearing the way for new nuclear physics experiments."
How a Y chromosome gene may shape the course of heart valve disease,https://www.sciencedaily.com/releases/2025/03/250320145259.htm,"Thu, 20 Mar 2025 14:52:59 EDT",Researchers have shed new light on how a type of heart valve disease -- aortic valve stenosis -- progresses differently in males and females.,Science,How a Y chromosome gene may shape the course of heart valve disease Researchers have shed new light on how a type of heart valve disease -- aortic valve stenosis -- progresses differently in males and females.
Part of the genetic risk for schizophrenia acts through the placenta,https://www.sciencedaily.com/releases/2025/03/250320145257.htm,"Thu, 20 Mar 2025 14:52:57 EDT","An international team has identified associations between modifications in the placenta and the risk of developing schizophrenia, bipolar disorder, and major depression disorder.",Science,"Part of the genetic risk for schizophrenia acts through the placenta An international team has identified associations between modifications in the placenta and the risk of developing schizophrenia, bipolar disorder, and major depression disorder."
The fine control of cell mechanics,https://www.sciencedaily.com/releases/2025/03/250320145255.htm,"Thu, 20 Mar 2025 14:52:55 EDT","Our skin and mucous membranes are protected by epithelial cells. This 'barrier' tissue performs its function thanks to specialized structures called 'junctions'. They ensure cell cohesion and regulate exchanges across the space between cells. Researchers have studied the role of a specific protein, gamma-actin, in the organization and mechanics of epithelial cells and their junctions. Their work reveals a mechanism of interdependence of different forms of the cytoskeletal proteins actin and myosin, and their functions. The team also demonstrates the key role of gamma-actin in the rigidity of cell membranes and the dynamics of junctional proteins, which may provide a mechanism of hearing loss.",Science,"The fine control of cell mechanics Our skin and mucous membranes are protected by epithelial cells. This 'barrier' tissue performs its function thanks to specialized structures called 'junctions'. They ensure cell cohesion and regulate exchanges across the space between cells. Researchers have studied the role of a specific protein, gamma-actin, in the organization and mechanics of epithelial cells and their junctions. Their work reveals a mechanism of interdependence of different forms of the cytoskeletal proteins actin and myosin, and their functions. The team also demonstrates the key role of gamma-actin in the rigidity of cell membranes and the dynamics of junctional proteins, which may provide a mechanism of hearing loss."
New CRISPR tool enables more seamless gene editing -- and improved disease modeling,https://www.sciencedaily.com/releases/2025/03/250320145239.htm,"Thu, 20 Mar 2025 14:52:39 EDT","Advances in the gene-editing technology known as CRISPR-Cas9 over the past 15 years have yielded important new insights into the roles that specific genes play in many diseases. But to date this technology -- which allows scientists to use a 'guide' RNA to modify DNA sequences and evaluate the effects -- is able to target, delete, replace, or modify only single gene sequences with a single guide RNA and has limited ability to assess multiple genetic changes simultaneously. Now, however, scientists have developed a series of sophisticated mouse models using CRISPR ('clustered regularly interspaced short palindromic repeats') technology that allows them to simultaneously assess genetic interactions on a host of immunological responses to multiple diseases, including cancer.",Science,"New CRISPR tool enables more seamless gene editing -- and improved disease modeling Advances in the gene-editing technology known as CRISPR-Cas9 over the past 15 years have yielded important new insights into the roles that specific genes play in many diseases. But to date this technology -- which allows scientists to use a 'guide' RNA to modify DNA sequences and evaluate the effects -- is able to target, delete, replace, or modify only single gene sequences with a single guide RNA and has limited ability to assess multiple genetic changes simultaneously. Now, however, scientists have developed a series of sophisticated mouse models using CRISPR ('clustered regularly interspaced short palindromic repeats') technology that allows them to simultaneously assess genetic interactions on a host of immunological responses to multiple diseases, including cancer."
Could the layout of trees impact human health?,https://www.sciencedaily.com/releases/2025/03/250320145044.htm,"Thu, 20 Mar 2025 14:50:44 EDT","A long-term Switzerland-wide study has found that neighbourhoods with numerous, well-arranged trees exhibit lower mortality risks than other areas. The reasons behind this, and the factors that play a role, will require further research.",Science,"Could the layout of trees impact human health? A long-term Switzerland-wide study has found that neighbourhoods with numerous, well-arranged trees exhibit lower mortality risks than other areas. The reasons behind this, and the factors that play a role, will require further research."
Novel memristors to overcome AI's 'catastrophic forgetting',https://www.sciencedaily.com/releases/2025/03/250320145042.htm,"Thu, 20 Mar 2025 14:50:42 EDT","Memristors consume extremely little power and behave similarly to brain cells. Researchers have now introduced novel memristive that offer significant advantages: they are more robust, function across a wider voltage range, and can operate in both analog and digital modes. Their unique properties could help address the problem of 'catastrophic forgetting,' where artificial neural networks abruptly forget previously learned information.",Science,"Novel memristors to overcome AI's 'catastrophic forgetting' Memristors consume extremely little power and behave similarly to brain cells. Researchers have now introduced novel memristive that offer significant advantages: they are more robust, function across a wider voltage range, and can operate in both analog and digital modes. Their unique properties could help address the problem of 'catastrophic forgetting,' where artificial neural networks abruptly forget previously learned information."
Why do lymphatic vessels form a jigsaw puzzle-like pattern?,https://www.sciencedaily.com/releases/2025/03/250320145039.htm,"Thu, 20 Mar 2025 14:50:39 EDT","While researchers have long been familiar with the surface structure of lymphatic vessels, a groundbreaking study has now focused on their jigsaw puzzle-like pattern. This arrangement helps cells tolerate changes in fluid pressure, such as swelling. Similar cell shapes are found on the surface of plant leaves, and the principle has been employed in human-led design as well.",Science,"Why do lymphatic vessels form a jigsaw puzzle-like pattern? While researchers have long been familiar with the surface structure of lymphatic vessels, a groundbreaking study has now focused on their jigsaw puzzle-like pattern. This arrangement helps cells tolerate changes in fluid pressure, such as swelling. Similar cell shapes are found on the surface of plant leaves, and the principle has been employed in human-led design as well."
Engineer develops new security protocol to protect miniaturized wireless medical implants from cyberthreats,https://www.sciencedaily.com/releases/2025/03/250320145034.htm,"Thu, 20 Mar 2025 14:50:34 EDT","Scientists recently unveiled a first-of-its-kind authentication protocol for wireless, battery-free, ultraminiaturized implants that ensures these devices remain protected while still allowing emergency access.",Science,"Engineer develops new security protocol to protect miniaturized wireless medical implants from cyberthreats Scientists recently unveiled a first-of-its-kind authentication protocol for wireless, battery-free, ultraminiaturized implants that ensures these devices remain protected while still allowing emergency access."
Researchers discover Achilles heel of Lyme disease pathogen,https://www.sciencedaily.com/releases/2025/03/250320145028.htm,"Thu, 20 Mar 2025 14:50:28 EDT","Researchers have discovered that an enzyme can serve as an ideal target for developing new therapeutics against Lyme disease, and most likely other tick-borne diseases as well.",Science,"Researchers discover Achilles heel of Lyme disease pathogen Researchers have discovered that an enzyme can serve as an ideal target for developing new therapeutics against Lyme disease, and most likely other tick-borne diseases as well."
Oxygen discovered in most distant known galaxy,https://www.sciencedaily.com/releases/2025/03/250320145026.htm,"Thu, 20 Mar 2025 14:50:26 EDT","Astronomers have detected oxygen in the most distant known galaxy, JADES-GS-z14-0. This record-breaking detection is making astronomers rethink how quickly galaxies formed in the early Universe.",Science,"Oxygen discovered in most distant known galaxy Astronomers have detected oxygen in the most distant known galaxy, JADES-GS-z14-0. This record-breaking detection is making astronomers rethink how quickly galaxies formed in the early Universe."
Study identifies viruses in red tide blooms for the first time,https://www.sciencedaily.com/releases/2025/03/250320145023.htm,"Thu, 20 Mar 2025 14:50:23 EDT",Identifying viruses associated with red tide can help researchers forecast the development of blooms and better understand environmental factors that can cause blooms to terminate. The study marks an initial step toward exploring viruses as biocontrol agents for red tide.,Science,Study identifies viruses in red tide blooms for the first time Identifying viruses associated with red tide can help researchers forecast the development of blooms and better understand environmental factors that can cause blooms to terminate. The study marks an initial step toward exploring viruses as biocontrol agents for red tide.
Recycled cements drive down emissions without slacking on strength,https://www.sciencedaily.com/releases/2025/03/250320145018.htm,"Thu, 20 Mar 2025 14:50:18 EDT","Engineers have developed an approach for recycling cement waste into a sustainable, low-carbon alternative that is comparable in performance to the industry standard.",Science,"Recycled cements drive down emissions without slacking on strength Engineers have developed an approach for recycling cement waste into a sustainable, low-carbon alternative that is comparable in performance to the industry standard."
How family background can help lead to athletic success,https://www.sciencedaily.com/releases/2025/03/250320144819.htm,"Thu, 20 Mar 2025 14:48:19 EDT","Americans have long believed that sports are one area in society that offers kids from all backgrounds the chance to succeed to the best of their abilities. But new research suggests that this belief is largely a myth, and that success in high school and college athletics often is influenced by race and gender, as well as socioeconomic status, including family wealth and education.",Science,"How family background can help lead to athletic success Americans have long believed that sports are one area in society that offers kids from all backgrounds the chance to succeed to the best of their abilities. But new research suggests that this belief is largely a myth, and that success in high school and college athletics often is influenced by race and gender, as well as socioeconomic status, including family wealth and education."
Peatlands' potential to capture carbon upgraded as temperatures rise,https://www.sciencedaily.com/releases/2025/03/250320144816.htm,"Thu, 20 Mar 2025 14:48:16 EDT","According to a predictive model, the microalgae present in peat bogs could offset up to 14% of future CO2 emissions, thanks to their photosynthetic activity. This conclusion was reached by basing the work on in situ experiments and the various predictive scenarios established by the IPCC. It is the first model to quantify the potential compensation of future CO2 emissions by peatlands on a global scale. This result lifts the veil on a currently ambiguous section of the terrestrial carbon cycle3 and its alterations by anthropogenic climate change.",Science,"Peatlands' potential to capture carbon upgraded as temperatures rise According to a predictive model, the microalgae present in peat bogs could offset up to 14% of future CO2 emissions, thanks to their photosynthetic activity. This conclusion was reached by basing the work on in situ experiments and the various predictive scenarios established by the IPCC. It is the first model to quantify the potential compensation of future CO2 emissions by peatlands on a global scale. This result lifts the veil on a currently ambiguous section of the terrestrial carbon cycle3 and its alterations by anthropogenic climate change."
"Producing nuclear fusion fuel is banned in the US for being too toxic, but these researchers found an alternative",https://www.sciencedaily.com/releases/2025/03/250320144810.htm,"Thu, 20 Mar 2025 14:48:10 EDT","Lithium-6 is essential for producing nuclear fusion fuel, but isolating it from the much more common isotope, lithium-7, usually requires liquid mercury, which is extremely toxic. Now, researchers have developed a mercury-free method to isolate lithium-6 that is as effective as the conventional method.",Science,"Producing nuclear fusion fuel is banned in the US for being too toxic, but these researchers found an alternative Lithium-6 is essential for producing nuclear fusion fuel, but isolating it from the much more common isotope, lithium-7, usually requires liquid mercury, which is extremely toxic. Now, researchers have developed a mercury-free method to isolate lithium-6 that is as effective as the conventional method."
Adaptive defenses against malicious jumping genes,https://www.sciencedaily.com/releases/2025/03/250320144808.htm,"Thu, 20 Mar 2025 14:48:08 EDT","Adverse genetic mutations can cause harm and are due to various circumstances. 'Jumping genes' are one cause of mutations, but cells try and combat them with a specialized RNA called piRNA. Researchers have identified how the sites responsible for piRNA production evolve effective behaviors against jumping genes. This research could lead to downstream diagnostic or therapeutic applications.",Science,"Adaptive defenses against malicious jumping genes Adverse genetic mutations can cause harm and are due to various circumstances. 'Jumping genes' are one cause of mutations, but cells try and combat them with a specialized RNA called piRNA. Researchers have identified how the sites responsible for piRNA production evolve effective behaviors against jumping genes. This research could lead to downstream diagnostic or therapeutic applications."
Scientists use cellular programming to mimic first days of embryonic development,https://www.sciencedaily.com/releases/2025/03/250320144800.htm,"Thu, 20 Mar 2025 14:48:00 EDT","Using CRISPR-based engineering methods to prompt stem cells to organize into embryo-like structures, scientists were able to create 'programmable' cellular models of embryos without ever experimenting with any actual embryos.",Science,"Scientists use cellular programming to mimic first days of embryonic development Using CRISPR-based engineering methods to prompt stem cells to organize into embryo-like structures, scientists were able to create 'programmable' cellular models of embryos without ever experimenting with any actual embryos."
Breakthrough molecular movie reveals DNA's unzipping mechanism with implications for viral and cancer treatments,https://www.sciencedaily.com/releases/2025/03/250320144758.htm,"Thu, 20 Mar 2025 14:47:58 EDT",Scientists have captured the first detailed 'molecular movie' showing DNA being unzipped at the atomic level -- revealing how cells begin the crucial process of copying their genetic material.,Science,Breakthrough molecular movie reveals DNA's unzipping mechanism with implications for viral and cancer treatments Scientists have captured the first detailed 'molecular movie' showing DNA being unzipped at the atomic level -- revealing how cells begin the crucial process of copying their genetic material.
Beating the clock: Melanoma starts evading treatment within hours -- here's how to stop it,https://www.sciencedaily.com/releases/2025/03/250320144644.htm,"Thu, 20 Mar 2025 14:46:44 EDT","Researchers have uncovered a stealth survival strategy that melanoma cells use to evade targeted therapy, offering a promising new approach to improving treatment outcomes.",Science,"Beating the clock: Melanoma starts evading treatment within hours -- here's how to stop it Researchers have uncovered a stealth survival strategy that melanoma cells use to evade targeted therapy, offering a promising new approach to improving treatment outcomes."
Restored stream supports new wild salmon run,https://www.sciencedaily.com/releases/2025/03/250320144639.htm,"Thu, 20 Mar 2025 14:46:39 EDT","A new study documents Putah Creek-origin salmon, meaning some salmon returning to the restored creek in the fall to spawn were actually born there. The study carries broader implications for other degraded streams and wild salmon runs.",Science,"Restored stream supports new wild salmon run A new study documents Putah Creek-origin salmon, meaning some salmon returning to the restored creek in the fall to spawn were actually born there. The study carries broader implications for other degraded streams and wild salmon runs."
River water temperatures swing from hot to cold: major discovery shows value of observational records,https://www.sciencedaily.com/releases/2025/03/250320144637.htm,"Thu, 20 Mar 2025 14:46:37 EDT",Scientists have unveiled rapid fluctuations in river water temperature across the United States (US) with rivers controlled by dams showing more frequent and volatile thermal changes.,Science,River water temperatures swing from hot to cold: major discovery shows value of observational records Scientists have unveiled rapid fluctuations in river water temperature across the United States (US) with rivers controlled by dams showing more frequent and volatile thermal changes.
From dinosaurs to birds: the origins of feather formation,https://www.sciencedaily.com/releases/2025/03/250320144621.htm,"Thu, 20 Mar 2025 14:46:21 EDT","Feathers, essential for thermoregulation, flight, and communication in birds, originate from simple appendages known as proto-feathers, which were present in certain dinosaurs.By studying embryonic development of the chicken, researchers from the University of Geneva (UNIGE) have uncovered a key role of a molecular signalling pathway (the Shh pathway) in their formation. This research provides new insights into the morphogenetic mechanisms that led to feather diversification throughout evolution.",Science,"From dinosaurs to birds: the origins of feather formation Feathers, essential for thermoregulation, flight, and communication in birds, originate from simple appendages known as proto-feathers, which were present in certain dinosaurs.By studying embryonic development of the chicken, researchers from the University of Geneva (UNIGE) have uncovered a key role of a molecular signalling pathway (the Shh pathway) in their formation. This research provides new insights into the morphogenetic mechanisms that led to feather diversification throughout evolution."
Why don't we remember being a baby? New study provides clues,https://www.sciencedaily.com/releases/2025/03/250320144619.htm,"Thu, 20 Mar 2025 14:46:19 EDT","Though we learn so much during our first years of life, we can't, as adults, remember specific events from that time. Researchers have long believed we don't hold onto these experiences because the part of the brain responsible for saving memories -- the hippocampus -- is still developing well into adolescence and just can't encode memories in our earliest years. But new research finds evidence that's not the case. In a study, researchers showed infants new images and later tested whether they remembered them. When an infant's hippocampus was more active upon seeing an image the first time, they were more likely to appear to recognize that image later. The findings indicate that memories can indeed be encoded in our brains in our first years of life. And the researchers are now looking into what happens to those memories over time.",Science,"Why don't we remember being a baby? New study provides clues Though we learn so much during our first years of life, we can't, as adults, remember specific events from that time. Researchers have long believed we don't hold onto these experiences because the part of the brain responsible for saving memories -- the hippocampus -- is still developing well into adolescence and just can't encode memories in our earliest years. But new research finds evidence that's not the case. In a study, researchers showed infants new images and later tested whether they remembered them. When an infant's hippocampus was more active upon seeing an image the first time, they were more likely to appear to recognize that image later. The findings indicate that memories can indeed be encoded in our brains in our first years of life. And the researchers are now looking into what happens to those memories over time."
"New cannabis formula will help epilepsy, multiple sclerosis sufferers",https://www.sciencedaily.com/releases/2025/03/250319225249.htm,"Wed, 19 Mar 2025 22:52:49 EDT","Scientists have come up with an innovative solution to improve the effectiveness of cannabidiol to treat epilepsy, multiple sclerosis and other neurodegenerative diseases.",Science,"New cannabis formula will help epilepsy, multiple sclerosis sufferers Scientists have come up with an innovative solution to improve the effectiveness of cannabidiol to treat epilepsy, multiple sclerosis and other neurodegenerative diseases."
Parts of the brain that are needed to remember words identified,https://www.sciencedaily.com/releases/2025/03/250319225246.htm,"Wed, 19 Mar 2025 22:52:46 EDT","The parts of the brain that are needed to remember words, and how these are affected by a common form of epilepsy, have been identified by a team of neurologists and neurosurgeons at UCL.",Science,"Parts of the brain that are needed to remember words identified The parts of the brain that are needed to remember words, and how these are affected by a common form of epilepsy, have been identified by a team of neurologists and neurosurgeons at UCL."
Tiny musky rat-kangaroos hold the key to explain why 'roos hop,https://www.sciencedaily.com/releases/2025/03/250319225239.htm,"Wed, 19 Mar 2025 22:52:39 EDT","To understand why kangaroos hop -- a rarity among animals -- researchers have studied the musky rat-kangaroo (Hypsiprymnodon moschatus), a diminutive marsupial that weighs only 500 grams but is the last living representative of its family and part of a lineage that extends back to before kangaroos evolved their distinctive hopping gait.",Science,"Tiny musky rat-kangaroos hold the key to explain why 'roos hop To understand why kangaroos hop -- a rarity among animals -- researchers have studied the musky rat-kangaroo (Hypsiprymnodon moschatus), a diminutive marsupial that weighs only 500 grams but is the last living representative of its family and part of a lineage that extends back to before kangaroos evolved their distinctive hopping gait."
Anti-amyloid drug shows signs of preventing Alzheimer's dementia,https://www.sciencedaily.com/releases/2025/03/250319225201.htm,"Wed, 19 Mar 2025 22:52:01 EDT","An experimental drug appears to reduce the risk of Alzheimer's-related dementia in people destined to develop the disease in their 30s, 40s or 50s, according to the results of a new study. The findings suggest -- for the first time in a clinical trial -- that early treatment to remove amyloid plaques from the brain many years before symptoms arise can delay the onset of Alzheimer's dementia.",Science,"Anti-amyloid drug shows signs of preventing Alzheimer's dementia An experimental drug appears to reduce the risk of Alzheimer's-related dementia in people destined to develop the disease in their 30s, 40s or 50s, according to the results of a new study. The findings suggest -- for the first time in a clinical trial -- that early treatment to remove amyloid plaques from the brain many years before symptoms arise can delay the onset of Alzheimer's dementia."
"Sleepier during the day? For some older people, it's linked to twice the dementia risk",https://www.sciencedaily.com/releases/2025/03/250319172910.htm,"Wed, 19 Mar 2025 17:29:10 EDT","For women in their 80s, experiencing increasing sleepiness during the day over a five-year period is associated with double the risk of developing dementia during that time, according to a new study. The study does not prove that daytime sleepiness causes dementia; it only shows an association.",Science,"Sleepier during the day? For some older people, it's linked to twice the dementia risk For women in their 80s, experiencing increasing sleepiness during the day over a five-year period is associated with double the risk of developing dementia during that time, according to a new study. The study does not prove that daytime sleepiness causes dementia; it only shows an association."
"Uniquely shaped, fast-heating nanoparticles halt ovarian tumor growth",https://www.sciencedaily.com/releases/2025/03/250319172905.htm,"Wed, 19 Mar 2025 17:29:05 EDT",New magnetic nanoparticles in the shape of a cube sandwiched between two pyramids represent a breakthrough for treating ovarian tumors and possibly other types of cancer.,Science,"Uniquely shaped, fast-heating nanoparticles halt ovarian tumor growth New magnetic nanoparticles in the shape of a cube sandwiched between two pyramids represent a breakthrough for treating ovarian tumors and possibly other types of cancer."
"Treasure trove of galaxies,  glimpses of deep fields",https://www.sciencedaily.com/releases/2025/03/250319143756.htm,"Wed, 19 Mar 2025 14:37:56 EDT","On 19 March 2025, the European Space Agency's Euclid mission releases its first batch of survey data, including a preview of its deep fields. Here, hundreds of thousands of galaxies in different shapes and sizes take center stage and show a glimpse of their large-scale organization in the cosmic web.",Science,"Treasure trove of galaxies,  glimpses of deep fields On 19 March 2025, the European Space Agency's Euclid mission releases its first batch of survey data, including a preview of its deep fields. Here, hundreds of thousands of galaxies in different shapes and sizes take center stage and show a glimpse of their large-scale organization in the cosmic web."
Marine animals help solve ocean issues,https://www.sciencedaily.com/releases/2025/03/250319143657.htm,"Wed, 19 Mar 2025 14:36:57 EDT",Sensors attached to animals gather valuable data to track and mitigate the human influence on marine life. The review paper emphasizes the importance of integrating data from various sources and advocates for an 'Internet of Animals' based on open access and shared standards.,Science,Marine animals help solve ocean issues Sensors attached to animals gather valuable data to track and mitigate the human influence on marine life. The review paper emphasizes the importance of integrating data from various sources and advocates for an 'Internet of Animals' based on open access and shared standards.
New carbon-negative material could make concrete and cement more sustainable,https://www.sciencedaily.com/releases/2025/03/250319143654.htm,"Wed, 19 Mar 2025 14:36:54 EDT","Researchers injected CO2 gas into seawater while applying an electrical current. The process transformed dissolved ions, minerals in seawater into clusters of solid particles. The clusters hold over half their weight in CO2 to become a carbon sink. Material could replace sand in concrete and be used in other construction materials while trapping CO2.",Science,"New carbon-negative material could make concrete and cement more sustainable Researchers injected CO2 gas into seawater while applying an electrical current. The process transformed dissolved ions, minerals in seawater into clusters of solid particles. The clusters hold over half their weight in CO2 to become a carbon sink. Material could replace sand in concrete and be used in other construction materials while trapping CO2."
Quantum heat dynamics toggled by magnetic fields,https://www.sciencedaily.com/releases/2025/03/250319143646.htm,"Wed, 19 Mar 2025 14:36:46 EDT","The ability to conduct heat is one of the most fundamental properties of matter, crucial for engineering applications. Scientists know well how conventional materials, such as metals and insulators, conduct heat. However, things are not as straightforward under extreme conditions such as temperatures close to absolute zero combined with strong magnetic fields, where strange quantum effects begin to dominate. This is particularly true in the realm of quantum materials.",Science,"Quantum heat dynamics toggled by magnetic fields The ability to conduct heat is one of the most fundamental properties of matter, crucial for engineering applications. Scientists know well how conventional materials, such as metals and insulators, conduct heat. However, things are not as straightforward under extreme conditions such as temperatures close to absolute zero combined with strong magnetic fields, where strange quantum effects begin to dominate. This is particularly true in the realm of quantum materials."
New data on Mpox vaccine effectiveness,https://www.sciencedaily.com/releases/2025/03/250319143643.htm,"Wed, 19 Mar 2025 14:36:43 EDT","A study has found that a single dose of the Imvanex vaccine provides protection against Mpox with 84% effectiveness. For people with HIV, however, a single dose of the vaccine fails to offer sufficient protection. All at-risk groups, and people with HIV in particular, should therefore receive the second dose of the vaccine as recommended.",Science,"New data on Mpox vaccine effectiveness A study has found that a single dose of the Imvanex vaccine provides protection against Mpox with 84% effectiveness. For people with HIV, however, a single dose of the vaccine fails to offer sufficient protection. All at-risk groups, and people with HIV in particular, should therefore receive the second dose of the vaccine as recommended."
New study challenges assumptions about solid-state lithium metal batteries,https://www.sciencedaily.com/releases/2025/03/250319143641.htm,"Wed, 19 Mar 2025 14:36:41 EDT",A recent study evaluating garnet-type solid electrolytes for lithium metal batteries finds that their expected energy density advantages may be overstated. The researchers posited that composite or quasi-solid-state electrolytes may be more viable alternatives.,Science,New study challenges assumptions about solid-state lithium metal batteries A recent study evaluating garnet-type solid electrolytes for lithium metal batteries finds that their expected energy density advantages may be overstated. The researchers posited that composite or quasi-solid-state electrolytes may be more viable alternatives.
Shaping the future of diabetes treatment with 3D bioprinting technology,https://www.sciencedaily.com/releases/2025/03/250319143531.htm,"Wed, 19 Mar 2025 14:35:31 EDT","An innovative platform replicates pancreatic functions, transforming diabetes therapy.",Science,"Shaping the future of diabetes treatment with 3D bioprinting technology An innovative platform replicates pancreatic functions, transforming diabetes therapy."
"Measles arrives in Kansas, spreads quickly in undervaccinated counties",https://arstechnica.com/health/2025/03/measles-takes-off-in-kansas-amid-low-vaccination-at-least-10-cases-reported/,"Fri, 21 Mar 2025 21:53:29 +0000","Since a single case last week, at least 9 more have been reported with more pending.",Science,"Measles arrives in Kansas, spreads quickly in undervaccinated counties Since a single case last week, at least 9 more have been reported with more pending."
“Infantile amnesia” occurs despite babies showing memory activity,https://arstechnica.com/science/2025/03/infants-can-form-memories-starting-at-1-but-they-dont-last-until-later/,"Fri, 21 Mar 2025 19:41:25 +0000",It looks like humans actively suppress our earliest memories.,Science,“Infantile amnesia” occurs despite babies showing memory activity It looks like humans actively suppress our earliest memories.
We probably inherited our joints from… a fish,https://arstechnica.com/science/2025/03/we-probably-inherited-our-joints-from-a-fish/,"Fri, 21 Mar 2025 14:31:06 +0000","Cartilaginous fish form the same style of joint that we do, while jawless fish don't.",Science,"We probably inherited our joints from… a fish Cartilaginous fish form the same style of joint that we do, while jawless fish don't."
How the language of job postings can attract rule-bending narcissists,https://arstechnica.com/science/2025/03/how-the-language-of-job-postings-can-attract-rule-bending-narcissists/,"Fri, 21 Mar 2025 13:49:26 +0000",Looking to hire someone? Check your wording very carefully.,Science,How the language of job postings can attract rule-bending narcissists Looking to hire someone? Check your wording very carefully.
A mathematician unpacks the science of “bracketology”,https://arstechnica.com/science/2025/03/march-madness-a-few-statistical-tips-could-give-you-an-edge/,"Thu, 20 Mar 2025 14:49:15 +0000","Crafting the perfect bracket is nearly impossible, but there are solid strategies to improve your odds.",Science,"A mathematician unpacks the science of “bracketology” Crafting the perfect bracket is nearly impossible, but there are solid strategies to improve your odds."
Hints grow stronger that dark energy changes over time,https://arstechnica.com/science/2025/03/hints-grow-stronger-that-dark-energy-changes-over-time/,"Wed, 19 Mar 2025 22:00:13 +0000",Latest DESI results fall short of discovery threshold but strengthen evidence for dynamical dark energy.,Science,Hints grow stronger that dark energy changes over time Latest DESI results fall short of discovery threshold but strengthen evidence for dynamical dark energy.
"Brains of parrots, unlike songbirds, use human-like vocal control",https://arstechnica.com/science/2025/03/brains-of-parrots-unlike-songbirds-use-human-like-vocal-control/,"Wed, 19 Mar 2025 20:44:15 +0000",A parrot called the budgerigar controls its vocalizations with a flexible system.,Science,"Brains of parrots, unlike songbirds, use human-like vocal control A parrot called the budgerigar controls its vocalizations with a flexible system."
Saltwater contamination in freshwater systems is on the rise,https://arstechnica.com/science/2025/03/salty-threats-for-drinking-water-rising-seas-and-land-based-pollution/,"Wed, 19 Mar 2025 14:10:48 +0000",Salt is starting to pollute the freshwater sources people rely on.,Science,Saltwater contamination in freshwater systems is on the rise Salt is starting to pollute the freshwater sources people rely on.
SpiderBot experiments hint at “echolocation” to locate prey,https://arstechnica.com/science/2025/03/spiderbot-experiments-hint-at-echolocation-to-locate-prey/,"Tue, 18 Mar 2025 16:46:45 +0000",Experiments with robotic spiders and prey suggest spiders can detect differences in natural web frequencies.,Science,SpiderBot experiments hint at “echolocation” to locate prey Experiments with robotic spiders and prey suggest spiders can detect differences in natural web frequencies.
Even the worst mass extinction had its oases,https://arstechnica.com/science/2025/03/even-the-worst-mass-extinction-had-its-oases/,"Tue, 18 Mar 2025 11:45:02 +0000",Plants thrived in present-day China throughout the End-Permian extinction.,Science,Even the worst mass extinction had its oases Plants thrived in present-day China throughout the End-Permian extinction.
People in this career are better at seeing through optical illusions,https://arstechnica.com/science/2025/03/people-in-this-career-are-better-at-seeing-through-optical-illusions/,"Tue, 18 Mar 2025 11:30:33 +0000",Becoming an expert in medical image analysis may make you better at spotting illusions.,Science,People in this career are better at seeing through optical illusions Becoming an expert in medical image analysis may make you better at spotting illusions.
Here’s the secret to how Firefly was able to nail its first lunar landing,https://arstechnica.com/science/2025/03/heres-the-secret-to-how-firefly-was-able-to-nail-its-very-first-lunar-landing/,"Tue, 18 Mar 2025 11:00:01 +0000","Darkness fell over Mare Crisium, ending a daily dose of dazzling images from the Moon.",Science,"Here’s the secret to how Firefly was able to nail its first lunar landing Darkness fell over Mare Crisium, ending a daily dose of dazzling images from the Moon."
Researchers engineer bacteria to produce plastics,https://arstechnica.com/science/2025/03/researchers-engineer-bacteria-to-produce-plastics/,"Mon, 17 Mar 2025 22:27:59 +0000",A bacterial energy storage system is modified to make polymers.,Science,Researchers engineer bacteria to produce plastics A bacterial energy storage system is modified to make polymers.
Physicists unlock another clue to brewing the perfect espresso,https://arstechnica.com/science/2025/03/the-physics-of-brewing-the-perfect-espresso/,"Mon, 17 Mar 2025 15:30:46 +0000","""Channeling"" during brewing process can lead to non-uniform filtration and lower extraction yield.",Science,"Physicists unlock another clue to brewing the perfect espresso ""Channeling"" during brewing process can lead to non-uniform filtration and lower extraction yield."
A “biohybrid” robotic hand built using real human muscle cells,https://arstechnica.com/science/2025/03/a-biohybrid-robotic-hand-built-using-real-human-muscle-cells/,"Sat, 15 Mar 2025 13:00:31 +0000",A real bit of cyborg hardware highlights the technology's current limitations.,Science,A “biohybrid” robotic hand built using real human muscle cells A real bit of cyborg hardware highlights the technology's current limitations.
"For climate and livelihoods, Africa bets big on solar mini-grids",https://arstechnica.com/science/2025/03/for-climate-and-livelihoods-africa-bets-big-on-solar-mini-grids/,"Sat, 15 Mar 2025 11:07:14 +0000","Nigeria is pioneering the development of small, off-grid solar panel installations.",Science,"For climate and livelihoods, Africa bets big on solar mini-grids Nigeria is pioneering the development of small, off-grid solar panel installations."
Small charges in water spray can trigger the formation of key biochemicals,https://arstechnica.com/science/2025/03/who-needs-lightning-key-biochemicals-form-from-static-sparks/,"Fri, 14 Mar 2025 18:30:38 +0000",Charges cause water droplets in an early-Earth atmosphere to build up pre-life chemicals.,Science,Small charges in water spray can trigger the formation of key biochemicals Charges cause water droplets in an early-Earth atmosphere to build up pre-life chemicals.
Rocket Report: ULA confirms cause of booster anomaly; Crew-10 launch on tap,https://arstechnica.com/science/2025/03/rocket-report-ula-confirms-cause-of-booster-anomaly-crew-10-launch-on-tap/,"Fri, 14 Mar 2025 12:09:05 +0000",The head of Poland's space agency was fired over a bungled response to SpaceX debris falling over Polish territory.,Science,Rocket Report: ULA confirms cause of booster anomaly; Crew-10 launch on tap The head of Poland's space agency was fired over a bungled response to SpaceX debris falling over Polish territory.
Outbreak turns 30,https://arstechnica.com/science/2025/03/outbreak-turns-30/,"Fri, 14 Mar 2025 11:15:02 +0000",Ars chats with epidemiologist Tara Smith about the film's scientific accuracy and impact over 3 decades.,Science,Outbreak turns 30 Ars chats with epidemiologist Tara Smith about the film's scientific accuracy and impact over 3 decades.
"In one dog breed, selection for utility may have selected for obesity",https://arstechnica.com/science/2025/03/have-we-accidentally-bred-some-dogs-for-obesity/,"Thu, 13 Mar 2025 18:16:46 +0000",Selecting trainable dogs may have gotten us dogs that would do anything for a treat.,Science,"In one dog breed, selection for utility may have selected for obesity Selecting trainable dogs may have gotten us dogs that would do anything for a treat."
