﻿title,link,published,summary,category,content
From 1 to 32: Ranking every team left in women’s March Madness,https://www.espn.com/womens-college-basketball/story/_/id/44358893/womens-march-madness-2025-ranking-ncaa-tournament-teams-second-round,"Sun, 23 Mar 2025 01:30:26 EST",Which 1-seed got passed by UConn? UCLA or South Carolina for No. 1 overall? We rank the 32 teams that advanced.,Sports,From 1 to 32: Ranking every team left in women’s March Madness Which 1-seed got passed by UConn? UCLA or South Carolina for No. 1 overall? We rank the 32 teams that advanced.
'Legend' Calipari leads Razorbacks into Sweet 16,https://www.espn.com/mens-college-basketball/story/_/id/44361802/calipari-guides-arkansas-pitino-st-john-sweet-16,"Sun, 23 Mar 2025 01:30:50 EST","John Calipari is heading to the Sweet 16 for the 16th time, guiding the Razorbacks past nemesis Rick Pitino and second-seeded St. John's 75-66 on Saturday to bring his fourth school to the NCAA tournament's second week.",Sports,"'Legend' Calipari leads Razorbacks into Sweet 16 John Calipari is heading to the Sweet 16 for the 16th time, guiding the Razorbacks past nemesis Rick Pitino and second-seeded St. John's 75-66 on Saturday to bring his fourth school to the NCAA tournament's second week."
Pitino defends benching Luis in loss to Arkansas,https://www.espn.com/mens-college-basketball/story/_/id/44363533/rick-pitino-defends-benching-rj-luis-jr-loss-arkansas,"Sun, 23 Mar 2025 01:30:51 EST",St. John's coach Rick Pitino defended benching star RJ Luis Jr. for the final 4:56 of Saturday's 75-66 loss to Arkansas.,Sports,Pitino defends benching Luis in loss to Arkansas St. John's coach Rick Pitino defended benching star RJ Luis Jr. for the final 4:56 of Saturday's 75-66 loss to Arkansas.
"With LeBron back, Lakers lose, eye strong finish",https://www.espn.com/nba/story/_/id/44364586/lakers-healthy-again-lebron-james-returns-vs-bulls,"Sun, 23 Mar 2025 01:30:51 EST","The Lakers were whole for the first time in weeks Saturday, but the long-awaited return of LeBron James from a strained left groin couldn't prevent Los Angeles from posting a 146-115 blowout loss to the Chicago Bulls, an effort that dropped them to 43-27.",Sports,"With LeBron back, Lakers lose, eye strong finish The Lakers were whole for the first time in weeks Saturday, but the long-awaited return of LeBron James from a strained left groin couldn't prevent Los Angeles from posting a 146-115 blowout loss to the Chicago Bulls, an effort that dropped them to 43-27."
"Johnson returns, stars in LSU's 55-point victory",https://www.espn.com/womens-college-basketball/story/_/id/44366755/flaujae-johnson-returns-leads-lsu-tigers-convincing-win,"Sun, 23 Mar 2025 01:30:50 EST","Flau'Jae Johnson, who missed the SEC tournament with a right shin injury, wore a compression sleeve over her lower leg in scoring 22 points on Saturday night, as LSU overwhelmed San Diego State 103-48 in the opening round of the women's NCAA tournament.",Sports,"Johnson returns, stars in LSU's 55-point victory Flau'Jae Johnson, who missed the SEC tournament with a right shin injury, wore a compression sleeve over her lower leg in scoring 22 points on Saturday night, as LSU overwhelmed San Diego State 103-48 in the opening round of the women's NCAA tournament."
"No. 1 Auburn shakes off slow start, doubts in win",https://www.espn.com/nfl/story/_/id/44365714/auburn-shakes-slow-start-beat-creighton-advance,"Sun, 23 Mar 2025 01:30:50 EST",Top-seeded Auburn shook off a slow first half to put away Creighton in the second and reach the Sweet 16.,Sports,"No. 1 Auburn shakes off slow start, doubts in win Top-seeded Auburn shook off a slow first half to put away Creighton in the second and reach the Sweet 16."
Hendrickson stuns Steveson to win wrestling title,https://www.espn.com/college-sports/story/_/id/44365843/ncaa-wrestling-penn-st-wins-again-hendrickson-stuns-steveson,"Sun, 23 Mar 2025 01:30:50 EST","Oklahoma State's Wyatt Hendrickson stunned Olympic gold medalist Gable Steveson 5-4 in the heavyweight final Saturday night at the NCAA men's wrestling championships, which Penn State won for a fourth straight time.",Sports,"Hendrickson stuns Steveson to win wrestling title Oklahoma State's Wyatt Hendrickson stunned Olympic gold medalist Gable Steveson 5-4 in the heavyweight final Saturday night at the NCAA men's wrestling championships, which Penn State won for a fourth straight time."
Butler shrugs off Miami return: Just 'another game',https://www.espn.com/nba/story/_/id/44365896/jimmy-butler-shrugs-miami-return-just-another-game,"Sun, 23 Mar 2025 01:30:51 EST","Jimmy Butler called his return to Miami on Tuesday just ""another game,"" shrugging off the notion of any extra emotions tied to the matchup.",Sports,"Butler shrugs off Miami return: Just 'another game' Jimmy Butler called his return to Miami on Tuesday just ""another game,"" shrugging off the notion of any extra emotions tied to the matchup."
"Turner, Pacers win after sister's medical issue",https://www.espn.com/nba/story/_/id/44362039/myles-turner-sister-leaves-stretcher-nets-pacers,"Sun, 23 Mar 2025 01:30:51 EST","Under trying circumstances in a win over the Brooklyn Nets, Indiana Pacers center Myles Turner delivered one of his best efforts of the season Saturday. Hours earlier, his sister, Mya, was taken off the court on a stretcher during pregame warmups.",Sports,"Turner, Pacers win after sister's medical issue Under trying circumstances in a win over the Brooklyn Nets, Indiana Pacers center Myles Turner delivered one of his best efforts of the season Saturday. Hours earlier, his sister, Mya, was taken off the court on a stretcher during pregame warmups."
"Your guide to men's March Madness second round: Results, analysis, keys to Sweet 16",https://www.espn.com/mens-college-basketball/story/_/id/44351042/mens-march-madness-round-2-men-ncaa-tournament-guide,"Sun, 23 Mar 2025 00:48:02 EST","Whether you watched all, part or none of Saturday's games -- our team has you covered with what to know.",Sports,"Your guide to men's March Madness second round: Results, analysis, keys to Sweet 16 Whether you watched all, part or none of Saturday's games -- our team has you covered with what to know."
NHL playoff watch: What's at stake in all 14 games on Showdown Saturday,https://www.espn.com/nhl/story/_/id/44347184/nhl-playoffs-bracket-standings-2025-wild-card-bracket-games-matchups,"Sat, 22 Mar 2025 20:15:27 EST","Here's what to watch in every matchup. Plus, full playoff projections, draft lottery standings and more.",Sports,"NHL playoff watch: What's at stake in all 14 games on Showdown Saturday Here's what to watch in every matchup. Plus, full playoff projections, draft lottery standings and more."
'An out in three pitches': What the rest of MLB can learn from the Royals' old-school rotation,https://www.espn.com/mlb/story/_/id/44304347/mlb-2025-starting-pitching-kansas-city-royals-managing-rotation,"Sat, 22 Mar 2025 20:15:38 EST",Five guys ... making quality starts ... day in and day out? Sounds like a bygone era. But it worked big-time for the Royals last year. Why isn't everyone else doing it?,Sports,'An out in three pitches': What the rest of MLB can learn from the Royals' old-school rotation Five guys ... making quality starts ... day in and day out? Sounds like a bygone era. But it worked big-time for the Royals last year. Why isn't everyone else doing it?
All-Star to architect: Buster Posey's plan to rebuild the Giants,https://www.espn.com/mlb/story/_/id/44304329/mlb-2025-buster-posey-san-francisco-giants-president-hall-fame-catcher,"Sat, 22 Mar 2025 20:15:39 EST",The future Hall of Fame catcher turned president of baseball operations has a vision.,Sports,All-Star to architect: Buster Posey's plan to rebuild the Giants The future Hall of Fame catcher turned president of baseball operations has a vision.
Jameis Winston signing sets up Giants' next -- and more significant -- QB move,https://www.espn.com/nfl/story/_/id/44350424/jameis-winston-giants-next-stopgap-quarterback,"Sat, 22 Mar 2025 16:06:27 EST",It's all fine as long as their future franchise quarterback comes in the draft.,Sports,Jameis Winston signing sets up Giants' next -- and more significant -- QB move It's all fine as long as their future franchise quarterback comes in the draft.
George Foreman beat time by going from humiliation to vindication,https://www.espn.com/boxing/story/_/id/44358937/george-foreman-beat-going-boxing-humiliation-vindication,"Sat, 22 Mar 2025 16:43:10 EST",Boxing is full of guys who fought past their primes. What Foreman pulled off was something entirely different.,Sports,George Foreman beat time by going from humiliation to vindication Boxing is full of guys who fought past their primes. What Foreman pulled off was something entirely different.
"Yes, USMNT fans: It's time to worry about the 2026 World Cup",https://www.espn.com/soccer/story/_/id/44348006/united-states-usmnt-fans-worry-2026-world-cup,"Sat, 22 Mar 2025 08:21:14 EST",The U.S. national team and coach Mauricio Pochettino are running out of time to fix what's wrong before the World Cup -- and there's a lot wrong.,Sports,"Yes, USMNT fans: It's time to worry about the 2026 World Cup The U.S. national team and coach Mauricio Pochettino are running out of time to fix what's wrong before the World Cup -- and there's a lot wrong."
USMNT loses to Panama again in worst performance of Pochettino era,https://www.espn.com/soccer/story/_/id/44335813/usmnt-lose-panama-analysis-reaction-concacaf-nations-league-pochettino-pulisic,"Sat, 22 Mar 2025 08:21:14 EST",Panama made it three straight victories over the U.S. in tournament play.,Sports,USMNT loses to Panama again in worst performance of Pochettino era Panama made it three straight victories over the U.S. in tournament play.
Poch: USMNT faces test of 'character' vs. Canada,https://www.espn.com/soccer/story/_/id/44360057/pochettino-usa-character-canada-concacaf-nations-league,"Sat, 22 Mar 2025 17:26:41 EST","USMNT coach Mauricio Pochettino said that Sunday's third-place game in the Concacaf Nations League against Canada is a match where ""we need to show character.""",Sports,"Poch: USMNT faces test of 'character' vs. Canada USMNT coach Mauricio Pochettino said that Sunday's third-place game in the Concacaf Nations League against Canada is a match where ""we need to show character."""
Ronaldo: 'No problem' with Højlund's 'Siu' celeb,https://www.espn.com/soccer/story/_/id/44360847/cristiano-ronaldo-no-problem-rasmus-hojlund-siu-celebration,"Sat, 22 Mar 2025 17:26:40 EST","Cristiano Ronaldo said he has ""no problem"" with Rasmus Højlund performing his famed ""Siu"" celebration after scoring in Denmark's win over Portugal on Thursday.",Sports,"Ronaldo: 'No problem' with Højlund's 'Siu' celeb Cristiano Ronaldo said he has ""no problem"" with Rasmus Højlund performing his famed ""Siu"" celebration after scoring in Denmark's win over Portugal on Thursday."
Ex-France star Ribery: Leg was nearly amputated,https://www.espn.com/soccer/story/_/id/44356554/franck-ribery-ex-france-star-says-leg-was-nearly-amputated,"Sat, 22 Mar 2025 17:26:40 EST",Former Bayern Munich and France winger Franck Ribery has revealed that he almost had his leg amputated towards the end of his career after surgery on his knee.,Sports,Ex-France star Ribery: Leg was nearly amputated Former Bayern Munich and France winger Franck Ribery has revealed that he almost had his leg amputated towards the end of his career after surgery on his knee.
Wrexham boost promotion hopes with 1-0 win,https://www.espn.com/soccer/report/_/gameId/708630,"Sat, 22 Mar 2025 17:26:41 EST",Wrexham made progress in their hunt for automatic promotion from League One on Saturday as they moved into second place with a 1-0 win over 10-man Stockport County.,Sports,Wrexham boost promotion hopes with 1-0 win Wrexham made progress in their hunt for automatic promotion from League One on Saturday as they moved into second place with a 1-0 win over 10-man Stockport County.
Haaland scores in 5-0 Norway rout to start WCQ,https://www.espn.com/soccer/report/_/gameId/724930,"Sat, 22 Mar 2025 17:26:40 EST",Erling Haaland helped Norway make a positive start to its World Cup qualifying campaign by scoring in a 5-0 rout at Moldova on Saturday.,Sports,Haaland scores in 5-0 Norway rout to start WCQ Erling Haaland helped Norway make a positive start to its World Cup qualifying campaign by scoring in a 5-0 rout at Moldova on Saturday.
Scaloni on Argentina win: No Messi? No problem,https://www.espn.com/soccer/story/_/id/44356831/no-lionel-messi-no-problem-says-argentina-boss-win,"Sat, 22 Mar 2025 17:26:41 EST","Argentina coach Lionel Scaloni said Friday's win over Uruguay showed their depth after Lautaro Martínez, Lionel Messi and Paulo Dybala all missed out.",Sports,"Scaloni on Argentina win: No Messi? No problem Argentina coach Lionel Scaloni said Friday's win over Uruguay showed their depth after Lautaro Martínez, Lionel Messi and Paulo Dybala all missed out."
"Rice hails Lewis-Skelly: Fearless, hungry, asset",https://www.espn.com/soccer/story/_/id/44356741/england-declan-rice-hails-fearless-myles-lewis-skelly,"Sat, 22 Mar 2025 17:26:40 EST","Myles Lewis-Skelly has already made himself an asset for England and has a long career ahead of him, his teammate Declan Rice said.",Sports,"Rice hails Lewis-Skelly: Fearless, hungry, asset Myles Lewis-Skelly has already made himself an asset for England and has a long career ahead of him, his teammate Declan Rice said."
Leon kicked out of Club World Cup by FIFA,https://www.espn.com/soccer/story/_/id/44343954/club-world-cup-fifa-rules-leon-clears-pachuca,"Sat, 22 Mar 2025 17:26:47 EST",Grupo Pachuca confirmed that the FIFA appeals committee on Friday ruled Club León out of participation in the 2025 Club World Cup due to the tournament's multi-ownership rules.,Sports,Leon kicked out of Club World Cup by FIFA Grupo Pachuca confirmed that the FIFA appeals committee on Friday ruled Club León out of participation in the 2025 Club World Cup due to the tournament's multi-ownership rules.
"It wasn't his behavior, but this Stanford program belongs to Andrew Luck",https://www.espn.com/college-football/story/_/id/44347700/bad-behavior-stanford-coach-taylor-andrew-luck-program,"Sat, 22 Mar 2025 16:03:38 EST","Right now, all of Stanford's trust is in Luck. It's his program now, and that means Troy Taylor is his coach.",Sports,"It wasn't his behavior, but this Stanford program belongs to Andrew Luck Right now, all of Stanford's trust is in Luck. It's his program now, and that means Troy Taylor is his coach."
"Men's championship odds: Duke, Florida clear co-favorites",https://www.espn.com/espn/betting/story/_/id/42215337/ncaa-college-basketball-march-madness-mens-odds,"Sat, 22 Mar 2025 16:07:13 EST",The Blue Devils and Gators remain the favorites to win the championship.,Sports,"Men's championship odds: Duke, Florida clear co-favorites The Blue Devils and Gators remain the favorites to win the championship."
NCAA title test: Which women's icons got it done -- and is Paige Bueckers next?,https://www.espn.com/womens-college-basketball/story/_/id/44347220/womens-college-basketball-legends-ncaa-tournament-title-history,"Sat, 22 Mar 2025 11:11:33 EST",Here's how women's hoops stars since 2000 chased -- and sometimes captured -- March Madness glory.,Sports,NCAA title test: Which women's icons got it done -- and is Paige Bueckers next? Here's how women's hoops stars since 2000 chased -- and sometimes captured -- March Madness glory.
Mount St. Mary's HC Donny Lind and son reflect on tourney run,https://www.espn.com/mens-college-basketball/story/_/id/44349156/mount-st-marys-mountaineers-donny-lind-silas-emotional-ncaa-march-madness,"Sat, 22 Mar 2025 11:11:33 EST","The Mount St. Mary's head coach addressed reporters with his son, who gave a heartfelt reflection.",Sports,"Mount St. Mary's HC Donny Lind and son reflect on tourney run The Mount St. Mary's head coach addressed reporters with his son, who gave a heartfelt reflection."
"Transfer rumors, news: Liverpool, Bayern favorites to sign Cherki",https://www.espn.com/soccer/story/_/id/44363132/transfer-rumors-news-liverpool-bayern-favorites-sign-cherki,"Sat, 22 Mar 2025 20:56:28 EST","Rayan Cherki looks set to leave Lyon this summer, with Liverpool and Bayern Munich both interested. Transfer Talk has the latest news, gossip and rumors.",Sports,"Transfer rumors, news: Liverpool, Bayern favorites to sign Cherki Rayan Cherki looks set to leave Lyon this summer, with Liverpool and Bayern Munich both interested. Transfer Talk has the latest news, gossip and rumors."
England begin bid for legacy-defining year,https://www.bbc.com/sport/rugby-union/articles/cn8rng8g8ppo,"Sat, 22 Mar 2025 23:38:44 GMT","England start their Women's Six Nations title defence against Italy, with this summer's legacy-defining home Rugby World Cup coming into view.",Sports,"England begin bid for legacy-defining year England start their Women's Six Nations title defence against Italy, with this summer's legacy-defining home Rugby World Cup coming into view."
'Mr Calm' Bellamy looks to Skopje after opening win,https://www.bbc.com/sport/football/articles/c3rn00ylyr0o,"Sat, 22 Mar 2025 23:11:10 GMT","Wales captain Ben Davies says boss Craig Bellamy was ""Mr Calm"" after his side made hard work of their opening World Cup qualifier to beat Kazakhstan.",Sports,"'Mr Calm' Bellamy looks to Skopje after opening win Wales captain Ben Davies says boss Craig Bellamy was ""Mr Calm"" after his side made hard work of their opening World Cup qualifier to beat Kazakhstan."
Draper shocked by Mensik in Miami Open second round,https://www.bbc.com/sport/tennis/articles/c1lp13d2gnno,"Sat, 22 Mar 2025 21:53:03 GMT",British number one Jack Draper loses in straight sets to Jakub Mensik at the Miami Open in his first match since lifting the Indian Wells title.,Sports,Draper shocked by Mensik in Miami Open second round British number one Jack Draper loses in straight sets to Jakub Mensik at the Miami Open in his first match since lifting the Indian Wells title.
Brady upsets Edwards with dominant display,https://www.bbc.com/sport/mixed-martial-arts/articles/cwyd45wnnkpo,"Sat, 22 Mar 2025 23:48:28 GMT","Sean Brady upsets Leon Edwards with a dominant display, submitting the Briton in the fourth round of the pair's welterweight contest at UFC London.",Sports,"Brady upsets Edwards with dominant display Sean Brady upsets Leon Edwards with a dominant display, submitting the Briton in the fourth round of the pair's welterweight contest at UFC London."
McCann retires as British MMA icon,https://www.bbc.com/sport/mixed-martial-arts/articles/cn89e7yzg49o,"Sun, 23 Mar 2025 06:29:34 GMT","Molly McCann says she ""knocked on the door and opened it"" after retiring from MMA following defeat by Alexia Thainara at UFC London.",Sports,"McCann retires as British MMA icon Molly McCann says she ""knocked on the door and opened it"" after retiring from MMA following defeat by Alexia Thainara at UFC London."
Scotland triumph in thriller against Wales,https://www.bbc.com/sport/rugby-union/videos/cq8y1w94dzwo,"Sat, 22 Mar 2025 20:06:57 GMT",Scotland kickstart their 2025 Women's Six Nations campaign with a tense 24-21 victory over Wales in Edinburgh.,Sports,Scotland triumph in thriller against Wales Scotland kickstart their 2025 Women's Six Nations campaign with a tense 24-21 victory over Wales in Edinburgh.
"Sabalenka, Osaka & Gauff reach last 16 in Miami",https://www.bbc.com/sport/tennis/articles/c9dew105p6do,"Sat, 22 Mar 2025 22:24:37 GMT","World number one Aryna Sabalenka is through to the last 16 of the Miami Open after opponent Elena-Gabriela Ruse retires injured, while there are also wins for Naomi Osaka and Coco Gauff.",Sports,"Sabalenka, Osaka & Gauff reach last 16 in Miami World number one Aryna Sabalenka is through to the last 16 of the Miami Open after opponent Elena-Gabriela Ruse retires injured, while there are also wins for Naomi Osaka and Coco Gauff."
Knight sacking leaves 'enormous shoes to fill' - who may England turn to?,https://www.bbc.com/sport/cricket/articles/c4g0jvwp32yo,"Sat, 22 Mar 2025 17:07:34 GMT","England begin the summer of 2025 with uncertainty, searching for a new captain for the first time in nine years after Heather Knight was sacked following a 16-0 defeat by Australia in the Ashes.",Sports,"Knight sacking leaves 'enormous shoes to fill' - who may England turn to? England begin the summer of 2025 with uncertainty, searching for a new captain for the first time in nine years after Heather Knight was sacked following a 16-0 defeat by Australia in the Ashes."
Trump beats Higgins to set up Wilson final,https://www.bbc.com/sport/snooker/articles/cy4lzyxj1n3o,"Sat, 22 Mar 2025 23:06:56 GMT",Judd Trump will play Kyren Wilson in the Players Championship final after the world number one beat John Higgins 6-4 in the semi-finals.,Sports,Trump beats Higgins to set up Wilson final Judd Trump will play Kyren Wilson in the Players Championship final after the world number one beat John Higgins 6-4 in the semi-finals.
Kohli and Salt lead RCB to victory in IPL opener,https://www.bbc.com/sport/cricket/articles/c0mw7ey2d3ko,"Sat, 22 Mar 2025 17:39:18 GMT",Virat Kohli and Phil Salt's opening stand of 95 helps Royal Challengers Bengaluru beat Kolkata Knight Riders in the opening match of the 2025 IPL.,Sports,Kohli and Salt lead RCB to victory in IPL opener Virat Kohli and Phil Salt's opening stand of 95 helps Royal Challengers Bengaluru beat Kolkata Knight Riders in the opening match of the 2025 IPL.
A win & a ring - Madsen enjoys 'surprise twist' on Everton comeback,https://www.bbc.com/sport/football/articles/c4ge613r7rlo,"Sat, 22 Mar 2025 17:25:19 GMT",Everton forward Rikke Madsen has a comeback to remember as her boyfriend proposes after her first appearance in more than a year.,Sports,A win & a ring - Madsen enjoys 'surprise twist' on Everton comeback Everton forward Rikke Madsen has a comeback to remember as her boyfriend proposes after her first appearance in more than a year.
Anning wins GB's first women's 400m world indoor title,https://www.bbc.com/sport/athletics/videos/c7vzyq979zvo,"Sat, 22 Mar 2025 13:05:59 GMT","Amber Anning wins the first ever women's 400m world indoor title for Great Britain, narrowly beating USA's Alexis Holmes at the World Indoor Athletics Championships in Nanjing, China.",Sports,"Anning wins GB's first women's 400m world indoor title Amber Anning wins the first ever women's 400m world indoor title for Great Britain, narrowly beating USA's Alexis Holmes at the World Indoor Athletics Championships in Nanjing, China."
Matondo scores first Wales goal in Kazakhstan win,https://www.bbc.com/sport/football/videos/c0rzewjg8n7o,"Sat, 22 Mar 2025 22:28:41 GMT",Watch as Rabbi Matondo scores his first Wales goal in a 3-1 World Cup qualifying victory over Kazakhstan in Cardiff.,Sports,Matondo scores first Wales goal in Kazakhstan win Watch as Rabbi Matondo scores his first Wales goal in a 3-1 World Cup qualifying victory over Kazakhstan in Cardiff.
France survive red card to beat Ireland in Six Nations opener,https://www.bbc.com/sport/rugby-union/videos/cp3y0g5ldnlo,"Sat, 22 Mar 2025 16:09:43 GMT",Ireland fail to capitalise on a 20-minute red card for Gabrielle Vernier as France secure a 27-15 win in the opening match of the Women's Six Nations in Belfast.,Sports,France survive red card to beat Ireland in Six Nations opener Ireland fail to capitalise on a 20-minute red card for Gabrielle Vernier as France secure a 27-15 win in the opening match of the Women's Six Nations in Belfast.
'It means a lot!' - emotional Hunt reacts to fifth place finish in 60m final,https://www.bbc.com/sport/athletics/videos/c39vee24n48o,"Sat, 22 Mar 2025 13:53:12 GMT","A tearful Amy Hunt says ""anything is possibe"" following her fifth place finish in the women's 60m final at the World Indoor Athletics Championships in Nanjing, China.",Sports,"'It means a lot!' - emotional Hunt reacts to fifth place finish in 60m final A tearful Amy Hunt says ""anything is possibe"" following her fifth place finish in the women's 60m final at the World Indoor Athletics Championships in Nanjing, China."
'A larger than life star' - Foreman dies age 76,https://www.bbc.com/sport/boxing/videos/cy057zpy8dzo,"Sat, 22 Mar 2025 15:29:11 GMT","BBC's Mike Bushell takes us through the legacy of one of boxing's heavyweight legends, George Foreman, as he passses away at the age of 76.",Sports,"'A larger than life star' - Foreman dies age 76 BBC's Mike Bushell takes us through the legacy of one of boxing's heavyweight legends, George Foreman, as he passses away at the age of 76."
Forest to revive Luiz interest - Sunday's gossip,https://www.bbc.com/sport/football/articles/cy87ee6z73jo,"Sat, 22 Mar 2025 23:01:18 GMT","Nottingham Forest will revive their interest in Douglas Luiz, Everton eye Koni de Winter as a potential Jarrad Branthwaite replacement, Bournemouth hope to make Kepa Arrizabalaga's loan permanent, plus more.",Sports,"Forest to revive Luiz interest - Sunday's gossip Nottingham Forest will revive their interest in Douglas Luiz, Everton eye Koni de Winter as a potential Jarrad Branthwaite replacement, Bournemouth hope to make Kepa Arrizabalaga's loan permanent, plus more."
"'If Big George hit you, you stayed hit' - Foreman obituary",https://www.bbc.com/sport/boxing/articles/c39veyw9lgeo,"Sat, 22 Mar 2025 13:01:35 GMT","George Foreman goes down as one of the greatest ever heavyweight boxers, one part of a ""holy trinity of heavyweight boxers with Muhammad Ali and Joe Frazier"".",Sports,"'If Big George hit you, you stayed hit' - Foreman obituary George Foreman goes down as one of the greatest ever heavyweight boxers, one part of a ""holy trinity of heavyweight boxers with Muhammad Ali and Joe Frazier""."
The 'pretty special' 17-year-old out to dash Scotland dreams,https://www.bbc.com/sport/football/articles/cjw2xxq9yy1o,"Sat, 22 Mar 2025 14:36:47 GMT","Scotland take a hard-earned 1-0 lead into Sunday's second leg against Greece at Hampden Park, but no-one in their ranks is taking overall victory for granted, especially with the threat of a 'pretty special' 17-year-old in Konstantinos Karetsas.",Sports,"The 'pretty special' 17-year-old out to dash Scotland dreams Scotland take a hard-earned 1-0 lead into Sunday's second leg against Greece at Hampden Park, but no-one in their ranks is taking overall victory for granted, especially with the threat of a 'pretty special' 17-year-old in Konstantinos Karetsas."
Hamilton hits out at 'yapping' critics after China sprint win,https://www.bbc.com/sport/formula1/articles/c78egyj4ng3o,"Sat, 22 Mar 2025 12:18:30 GMT","Lewis Hamilton hits out at ""yapping"" critics after taking his first win for Ferrari in the sprint race at the Chinese Grand Prix.",Sports,"Hamilton hits out at 'yapping' critics after China sprint win Lewis Hamilton hits out at ""yapping"" critics after taking his first win for Ferrari in the sprint race at the Chinese Grand Prix."
Scotland triumph in another thriller against Wales,https://www.bbc.com/sport/rugby-union/articles/c5yx4n0rle2o,"Sat, 22 Mar 2025 19:07:08 GMT",Scotland edged another nail-biting encounter against Wales to kickstart their 2025 Women's Six Nations campaign.,Sports,Scotland triumph in another thriller against Wales Scotland edged another nail-biting encounter against Wales to kickstart their 2025 Women's Six Nations campaign.
Ireland want to be more than 'noble losers' - Bemand,https://www.bbc.com/sport/articles/cr529yd681no,"Sat, 22 Mar 2025 17:04:25 GMT","Ireland head coach Scott Bemand says his side want more than to make a ""good fist of it"" against the best teams in the world after they were beaten 27-15 by France at home to open the Women's Six Nations.",Sports,"Ireland want to be more than 'noble losers' - Bemand Ireland head coach Scott Bemand says his side want more than to make a ""good fist of it"" against the best teams in the world after they were beaten 27-15 by France at home to open the Women's Six Nations."
'The greatest vaulter the world has ever seen!' - Duplantis retains world indoor title,https://www.bbc.com/sport/athletics/videos/c0l1ye26n7po,"Sat, 22 Mar 2025 13:20:03 GMT",Sweden's Mondo Duplantis sees off stiff competition from Greece's Emmanouil Karalis to retain his pole vault world title at the World Indoor Athletics Championships.,Sports,'The greatest vaulter the world has ever seen!' - Duplantis retains world indoor title Sweden's Mondo Duplantis sees off stiff competition from Greece's Emmanouil Karalis to retain his pole vault world title at the World Indoor Athletics Championships.
Everton's Madsen gets surprise proposal after WSL win,https://www.bbc.com/sport/videos/c4ge6g3mk72o,"Sat, 22 Mar 2025 20:08:42 GMT",Watch the moment Everton forward Rikke Madsen gets proposed to following their 3-0 victory over Crystal Palace in the Women's Super League.,Sports,Everton's Madsen gets surprise proposal after WSL win Watch the moment Everton forward Rikke Madsen gets proposed to following their 3-0 victory over Crystal Palace in the Women's Super League.
Bloodgate - Ross Kemp investigates rugby's biggest scandal,https://www.bbc.com/sport/rugby-union/videos/c5y9ezqlddwo,"Sat, 22 Mar 2025 11:14:04 GMT",How a joke shop blood capsule unleashed a chain of events that shook rugby to its core.,Sports,Bloodgate - Ross Kemp investigates rugby's biggest scandal How a joke shop blood capsule unleashed a chain of events that shook rugby to its core.
James nets Wales' opening 2026 World Cup qualifying goal,https://www.bbc.com/sport/football/videos/c8j0njzrxymo,"Sat, 22 Mar 2025 21:11:49 GMT",Watch as Dan James nets Wales' opening 2026 World Cup qualifying goal against Kazakhstan at Cardiff City Stadium.,Sports,James nets Wales' opening 2026 World Cup qualifying goal Watch as Dan James nets Wales' opening 2026 World Cup qualifying goal against Kazakhstan at Cardiff City Stadium.
Wales indiscipline let Scotland into the game - pundit reaction,https://www.bbc.com/sport/rugby-union/videos/c5y0ryl257no,"Sat, 22 Mar 2025 20:47:55 GMT","BBC Sport's Sonja McLaughlan, Emma Wassell, Deborah McCormack and Siwan Lillicrap discuss Scotland's narrow win over Wales in the women's Six Nations and whether Georgia Evans' two yellow cards allowed the hosts into the game.",Sports,"Wales indiscipline let Scotland into the game - pundit reaction BBC Sport's Sonja McLaughlan, Emma Wassell, Deborah McCormack and Siwan Lillicrap discuss Scotland's narrow win over Wales in the women's Six Nations and whether Georgia Evans' two yellow cards allowed the hosts into the game."
Van der Poel wins thrilling Milan-San Remo,https://www.bbc.com/sport/cycling/articles/c93n4zpklexo,"Sat, 22 Mar 2025 17:53:52 GMT",Mathieu van der Poel holds off Filippo Ganna and Tadej Pogacar in a thriller to win the Milan-San Remo one-day classic for the second time.,Sports,Van der Poel wins thrilling Milan-San Remo Mathieu van der Poel holds off Filippo Ganna and Tadej Pogacar in a thriller to win the Milan-San Remo one-day classic for the second time.
McCann's rollercoaster UFC career in pictures,https://www.bbc.com/sport/mixed-martial-arts/articles/cd7e93q9qgjo,"Sun, 23 Mar 2025 00:21:13 GMT","The best pictures from Molly McCann's UFC career, which had as many lows as highs.",Sports,"McCann's rollercoaster UFC career in pictures The best pictures from Molly McCann's UFC career, which had as many lows as highs."
Bates hat-trick as Bristol beat Exeter in 14-try thriller,https://www.bbc.com/sport/rugby-union/articles/cdelw1432x3o,"Sat, 22 Mar 2025 21:30:22 GMT",Bristol Bears kept up the pressure on Bath at the top of the Premiership with a thrilling 52-38 win over Exeter Chiefs at Ashton Gate in a game of 14 tries.,Sports,Bates hat-trick as Bristol beat Exeter in 14-try thriller Bristol Bears kept up the pressure on Bath at the top of the Premiership with a thrilling 52-38 win over Exeter Chiefs at Ashton Gate in a game of 14 tries.
Pulse upset champions Lightning for two wins from two,https://www.bbc.com/sport/netball/articles/c9vy4d2rez7o,"Sat, 22 Mar 2025 21:15:12 GMT",London Pulse make it two wins from two to start the new Netball Super League season with a 77-51 win over defending champions Loughborough Lightning.,Sports,Pulse upset champions Lightning for two wins from two London Pulse make it two wins from two to start the new Netball Super League season with a 77-51 win over defending champions Loughborough Lightning.
Leeds edge past champions Wigan in gripping contest,https://www.bbc.com/sport/rugby-league/articles/c789km79lklo,"Sat, 22 Mar 2025 19:32:17 GMT",Leeds Rhinos inflict a narrow 12-10 defeat on champions Wigan Warriors in a gripping Super League encounter.,Sports,Leeds edge past champions Wigan in gripping contest Leeds Rhinos inflict a narrow 12-10 defeat on champions Wigan Warriors in a gripping Super League encounter.
Icon Dhoni gears up for 18th IPL at age of 43,https://www.bbc.com/news/articles/c5y2z448e8xo,"Sun, 23 Mar 2025 01:50:23 GMT","Dhoni, who turns 44 in July, is playing his 18th straight IPL season. Will this be his swansong?",Sports,"Icon Dhoni gears up for 18th IPL at age of 43 Dhoni, who turns 44 in July, is playing his 18th straight IPL season. Will this be his swansong?"
'My parents didn't want me because I was a girl',https://www.bbc.com/sport/mixed-martial-arts/articles/cp8lr0p6d0ro,"Sat, 22 Mar 2025 08:01:42 GMT",Puja Tomar - the first Indian woman to fight in the UFC - says her parents did not want her initially because she was a girl.,Sports,'My parents didn't want me because I was a girl' Puja Tomar - the first Indian woman to fight in the UFC - says her parents did not want her initially because she was a girl.
Anning wins historic world indoor 400m gold for GB,https://www.bbc.com/sport/athletics/articles/cd92wp3z0gpo,"Sat, 22 Mar 2025 14:17:37 GMT",Great Britain's Amber Anning announces herself on the global stage by winning women's 400m gold at the World Athletics Indoor Championships.,Sports,Anning wins historic world indoor 400m gold for GB Great Britain's Amber Anning announces herself on the global stage by winning women's 400m gold at the World Athletics Indoor Championships.
Benson inspires stunning Quins comeback against Saracens,https://www.bbc.com/sport/rugby-union/articles/cdxqk1ez3d5o,"Sat, 22 Mar 2025 18:54:07 GMT",Half-time substitute Jamie Benson inspires a second-half comeback as Harlequins stun Saracens in the London derby.,Sports,Benson inspires stunning Quins comeback against Saracens Half-time substitute Jamie Benson inspires a second-half comeback as Harlequins stun Saracens in the London derby.
Rangers hit five past Hibs to retain SWPL Cup,https://www.bbc.com/sport/football/articles/cp8lx69y670o,"Sat, 22 Mar 2025 18:45:51 GMT",Rangers cruise to a 5-0 win over league leaders Hibernian to retain the SWPL Cup at Fir Park.,Sports,Rangers hit five past Hibs to retain SWPL Cup Rangers cruise to a 5-0 win over league leaders Hibernian to retain the SWPL Cup at Fir Park.
France survive red card to beat Ireland in Six Nations opener,https://www.bbc.com/sport/articles/c4g0vv77vdyo,"Sat, 22 Mar 2025 16:44:15 GMT",France begin the Women's Six Nations with a 27-15 win over Ireland in Belfast despite a 20-minute red card for Gabrielle Vernier.,Sports,France survive red card to beat Ireland in Six Nations opener France begin the Women's Six Nations with a 27-15 win over Ireland in Belfast despite a 20-minute red card for Gabrielle Vernier.
Benetton beat Edinburgh with last-minute try,https://www.bbc.com/sport/rugby-union/articles/cx2gd9q0n80o,"Sat, 22 Mar 2025 18:31:36 GMT",Benetton scored a last-minute try to snatch a three-point victory over Edinburgh after visiting centre Mosese Tuipulotu had been sent off late on in the United Rugby Championship match at Stadio di Monigo.,Sports,Benetton beat Edinburgh with last-minute try Benetton scored a last-minute try to snatch a three-point victory over Edinburgh after visiting centre Mosese Tuipulotu had been sent off late on in the United Rugby Championship match at Stadio di Monigo.
"The Rumble in the Jungle, by those who witnessed it",https://www.bbc.co.uk/sport/boxing/29796214,"Wed, 30 Oct 2024 09:26:53 GMT",BBC Sport speaks to those who witnessed the epic heavyweight title fight between Muhammad Ali and George Foreman in Zaire.,Sports,"The Rumble in the Jungle, by those who witnessed it BBC Sport speaks to those who witnessed the epic heavyweight title fight between Muhammad Ali and George Foreman in Zaire."
Ospreys defeat Connacht in 12-try URC thriller,https://www.bbc.com/sport/rugby-union/articles/c39ve0w3wx0o,"Sat, 22 Mar 2025 19:32:10 GMT",Ospreys boost hopes of a United Rugby Championship play-off place with a remarkable victory against Connacht.,Sports,Ospreys defeat Connacht in 12-try URC thriller Ospreys boost hopes of a United Rugby Championship play-off place with a remarkable victory against Connacht.
Players' union seeks court order against ATP Tour,https://www.bbc.com/sport/tennis/articles/c0q1vyp54dxo,"Sat, 22 Mar 2025 19:13:53 GMT",The Professional Tennis Players' Association (PTPA) is seeking a court order against the ATP over dealings with players.,Sports,Players' union seeks court order against ATP Tour The Professional Tennis Players' Association (PTPA) is seeking a court order against the ATP over dealings with players.
Tomkins leads Catalans to comfortable win at Castleford,https://www.bbc.com/sport/rugby-league/articles/c7984l81737o,"Sat, 22 Mar 2025 17:00:01 GMT",Sam Tomkins scores 14 points as Catalans Dragons enjoy a comfortable 26-4 Super League success at Castleford Tigers.,Sports,Tomkins leads Catalans to comfortable win at Castleford Sam Tomkins scores 14 points as Catalans Dragons enjoy a comfortable 26-4 Super League success at Castleford Tigers.
'Disappointed' Caudery misses out on world indoor medal,https://www.bbc.com/sport/athletics/articles/c5y06gwx34jo,"Sat, 22 Mar 2025 08:59:55 GMT",Great Britain's Molly Caudery is unable to defend her women's pole vault title as she finishes fourth at the World Indoor Athletics Championships.,Sports,'Disappointed' Caudery misses out on world indoor medal Great Britain's Molly Caudery is unable to defend her women's pole vault title as she finishes fourth at the World Indoor Athletics Championships.
The ex-Preston defender managing two national teams,https://www.bbc.com/sport/football/articles/cvgp5z0rvvjo,"Sat, 22 Mar 2025 09:04:24 GMT","International managers ordinarily have fewer games in which to prove themselves, but that is not a problem facing Gibraltar men's and women's coach Scott Wiseman.",Sports,"The ex-Preston defender managing two national teams International managers ordinarily have fewer games in which to prove themselves, but that is not a problem facing Gibraltar men's and women's coach Scott Wiseman."
Scarratt keen to play part in England's 'big year',https://www.bbc.com/sport/rugby-union/articles/cwyd43n9n03o,"Sat, 22 Mar 2025 07:02:07 GMT","Experienced centre Emily Scarratt wants to play her part in a ""big year ahead"" for England, with a home Rugby World Cup to come this summer.",Sports,"Scarratt keen to play part in England's 'big year' Experienced centre Emily Scarratt wants to play her part in a ""big year ahead"" for England, with a home Rugby World Cup to come this summer."
'He's gone and done it again!' - Ingebrigtsen wins first indoor world title,https://www.bbc.com/sport/athletics/videos/czje8w23yvwo,"Sat, 22 Mar 2025 12:26:03 GMT","Norway's Jakob Ingebrigtsen overtakes Ethiopia's Berihu Aregawi in the final stretch to win the 3000m gold medal - his first world indoor title of his career at the World Indoor Athletics Championships in Nanjing, China.",Sports,"'He's gone and done it again!' - Ingebrigtsen wins first indoor world title Norway's Jakob Ingebrigtsen overtakes Ethiopia's Berihu Aregawi in the final stretch to win the 3000m gold medal - his first world indoor title of his career at the World Indoor Athletics Championships in Nanjing, China."
'It's been a whirlwind!' - Wassell on tumour recovery and World Cup hopes,https://www.bbc.com/sport/rugby-union/videos/crlx7g0zw1do,"Sat, 22 Mar 2025 18:33:39 GMT","Scotland's Emma Wassell speaks to the BBC's Sonja McLaughlan about how her recovery from a chest tumour is going and how she is preparing to make her comeback to rugby, with hopes of making the Scotland squad for the 2025 Women's Rugby World Cup.",Sports,"'It's been a whirlwind!' - Wassell on tumour recovery and World Cup hopes Scotland's Emma Wassell speaks to the BBC's Sonja McLaughlan about how her recovery from a chest tumour is going and how she is preparing to make her comeback to rugby, with hopes of making the Scotland squad for the 2025 Women's Rugby World Cup."
Forest hold off Stoke fight back to win National League Cup,https://www.bbc.com/sport/football/videos/c05mq32j12qo,"Sat, 22 Mar 2025 19:41:25 GMT",Nottingham Forest see off an attempted Stoke City fight back to win the Women's National League Cup final 3-1 at the Bescot Stadium.,Sports,Forest hold off Stoke fight back to win National League Cup Nottingham Forest see off an attempted Stoke City fight back to win the Women's National League Cup final 3-1 at the Bescot Stadium.
"Hamilton, Button and Jordan take part in 2010 F1 Pub Quiz",https://www.bbc.com/sport/formula1/videos/cp3y0gvy0q9o,"Sat, 22 Mar 2025 19:59:43 GMT","Watch the best moments from BBC Sport's 'The Great British F1 Pub Quiz' that aired ahead of the 2010 Silverstone Grand Prix, with Lewis Hamilton, Jenson Button and Eddie Jordan taking part in a pub quiz, with host Al Murray.",Sports,"Hamilton, Button and Jordan take part in 2010 F1 Pub Quiz Watch the best moments from BBC Sport's 'The Great British F1 Pub Quiz' that aired ahead of the 2010 Silverstone Grand Prix, with Lewis Hamilton, Jenson Button and Eddie Jordan taking part in a pub quiz, with host Al Murray."
A game of 'missed opportunities' - reaction as France beat Ireland,https://www.bbc.com/sport/rugby-union/videos/ckg1484e5jvo,"Sat, 22 Mar 2025 15:46:02 GMT","Watch the post-match analysis from BBC Sport's Orlan Bannon, Lindsay Peat & Claire Small after Ireland are beaten 27-15 by France in the Women's Six Nations.",Sports,"A game of 'missed opportunities' - reaction as France beat Ireland Watch the post-match analysis from BBC Sport's Orlan Bannon, Lindsay Peat & Claire Small after Ireland are beaten 27-15 by France in the Women's Six Nations."
Ulster survive scare against bottom side Dragons,https://www.bbc.com/sport/rugby-union/articles/cx20jq1qeglo,"Sat, 22 Mar 2025 19:02:30 GMT",Ulster survive a huge scare against the Dragons to win 34-30 and keep their hopes of a top-eight finish in the United Rugby Championship alive.,Sports,Ulster survive scare against bottom side Dragons Ulster survive a huge scare against the Dragons to win 34-30 and keep their hopes of a top-eight finish in the United Rugby Championship alive.
Five talking points from Tuchel's first game as England boss,https://www.bbc.com/sport/football/articles/cjd342215v0o,"Fri, 21 Mar 2025 23:46:39 GMT",BBC Sport has a look at some of the talking points from England's win over Albania in Thomas Tuchel's first game in charge.,Sports,Five talking points from Tuchel's first game as England boss BBC Sport has a look at some of the talking points from England's win over Albania in Thomas Tuchel's first game in charge.
George Foreman's life in pictures,https://www.bbc.com/news/articles/cd659xxn793o,"Sat, 22 Mar 2025 05:03:59 GMT","A look back at the life of American boxing heavyweight legend George Foreman, who has died aged 76.",Sports,"George Foreman's life in pictures A look back at the life of American boxing heavyweight legend George Foreman, who has died aged 76."
'He does everything right' - the remarkable rise of Lewis-Skelly,https://www.bbc.com/sport/football/articles/cgq95n78xp3o,"Fri, 21 Mar 2025 22:58:27 GMT","In October, Myles Lewis-Skelly was starting for Arsenal's U21s against MK Dons in the EFL Trophy. Less than six months later, he is an England goalscorer - and BBC Sport charts his rise.",Sports,"'He does everything right' - the remarkable rise of Lewis-Skelly In October, Myles Lewis-Skelly was starting for Arsenal's U21s against MK Dons in the EFL Trophy. Less than six months later, he is an England goalscorer - and BBC Sport charts his rise."
Groundbreaking but controversial - new IOC president Coventry,https://www.bbc.com/sport/olympics/articles/cgm1kvkner0o,"Fri, 21 Mar 2025 09:40:39 GMT",Kirsty Coventry will become the 10th International Olympic Committee president - but why is she both a groundbreaking and controversial choice?,Sports,Groundbreaking but controversial - new IOC president Coventry Kirsty Coventry will become the 10th International Olympic Committee president - but why is she both a groundbreaking and controversial choice?
You can't write off Chelsea quadruple - Anita Asante,https://www.bbc.com/sport/football/articles/ckgzd02079do,"Fri, 21 Mar 2025 12:15:25 GMT","In her latest column, Anita Asante discusses why Chelsea can still win the quadruple and cannot be written off after their defeat by Manchester City.",Sports,"You can't write off Chelsea quadruple - Anita Asante In her latest column, Anita Asante discusses why Chelsea can still win the quadruple and cannot be written off after their defeat by Manchester City."
Why are Chelsea stockpiling so many young players?,https://www.bbc.com/sport/football/articles/c0jgyv5w788o,"Thu, 20 Mar 2025 20:18:48 GMT",Chelsea have six deals for rising stars lined up and have just signed two more young talents from Portuguese side Sporting. Why? And how can they afford it?,Sports,Why are Chelsea stockpiling so many young players? Chelsea have six deals for rising stars lined up and have just signed two more young talents from Portuguese side Sporting. Why? And how can they afford it?
The flamboyant deal-maker of Formula 1 - Eddie Jordan obituary,https://www.bbc.com/sport/formula1/articles/c4gp474y92vo,"Thu, 20 Mar 2025 09:30:06 GMT","Formula 1 team boss Eddie Jordan was a rogue who was sometimes loveable, sometimes dodgy, occasionally both at the same time.",Sports,"The flamboyant deal-maker of Formula 1 - Eddie Jordan obituary Formula 1 team boss Eddie Jordan was a rogue who was sometimes loveable, sometimes dodgy, occasionally both at the same time."
'I signed Barcelona deal - then had a stroke at 24',https://www.bbc.com/sport/football/articles/c87d7rn1ejvo,"Wed, 19 Feb 2025 06:31:17 GMT",Goalkeeper Ellie Roebuck suffered a stroke six months after being part of the England squad which reached the World Cup final - this is the story of her remarkable comeback.,Sports,'I signed Barcelona deal - then had a stroke at 24' Goalkeeper Ellie Roebuck suffered a stroke six months after being part of the England squad which reached the World Cup final - this is the story of her remarkable comeback.
"A cash-filled briefcase, a missing shield and the beating of Australia",https://www.bbc.com/sport/rugby-league/articles/c4g0d4n728qo,"Thu, 27 Feb 2025 06:31:57 GMT","When England's women face Australia in Las Vegas on Saturday night, they can thank the Great Britain trailblazers who overcame remarkable odds just to get a Test series on - and then won it.",Sports,"A cash-filled briefcase, a missing shield and the beating of Australia When England's women face Australia in Las Vegas on Saturday night, they can thank the Great Britain trailblazers who overcame remarkable odds just to get a Test series on - and then won it."
I was effectively homeless after getting sacked - Stoney,https://www.bbc.com/sport/football/articles/c62z76ewgn0o,"Sun, 02 Mar 2025 06:09:06 GMT",Former England captain Casey Stoney tells BBC Sport how she and her family have rebuilt their lives after her sacking by San Diego Wave left them effectively homeless.,Sports,I was effectively homeless after getting sacked - Stoney Former England captain Casey Stoney tells BBC Sport how she and her family have rebuilt their lives after her sacking by San Diego Wave left them effectively homeless.
'Like a Jason Bourne movie' - how Afghan women's team fled Taliban,https://www.bbc.com/sport/cricket/articles/cx2k1z7zg8do,"Tue, 11 Feb 2025 06:26:16 GMT","The Afghanistan Women's XI played their first match after an evacuation likened to ""a Jason Bourne movie"", led by three women on the other side of the world.",Sports,"'Like a Jason Bourne movie' - how Afghan women's team fled Taliban The Afghanistan Women's XI played their first match after an evacuation likened to ""a Jason Bourne movie"", led by three women on the other side of the world."
'She was like a tsunami' - the unstoppable rise of Bonmati,https://www.bbc.co.uk/sport/football/67691132,"Mon, 28 Oct 2024 21:55:39 GMT","From the moment she was named, Aitana Bonmati has stood out from the rest and stood up for something more than herself.",Sports,"'She was like a tsunami' - the unstoppable rise of Bonmati From the moment she was named, Aitana Bonmati has stood out from the rest and stood up for something more than herself."
'I gave everything to boxing and still have nothing',https://www.bbc.com/sport/boxing/articles/cwyl3y7yyx1o,"Tue, 01 Oct 2024 08:00:06 GMT",Heather Hardy tells BBC Sport how she is adapting to life outside of boxing after the former world champion was left with a life-threatening injury.,Sports,'I gave everything to boxing and still have nothing' Heather Hardy tells BBC Sport how she is adapting to life outside of boxing after the former world champion was left with a life-threatening injury.
How a Facebook advert changed a life and the look of a sport,https://www.bbc.com/sport/american-football/articles/c5yk93jkj4xo,"Tue, 27 Aug 2024 08:03:20 GMT","Phoebe Schecter had watched two Super Bowls and found them both ""boring"" before a move to the UK sparked an unlikely NFL career",Sports,"How a Facebook advert changed a life and the look of a sport Phoebe Schecter had watched two Super Bowls and found them both ""boring"" before a move to the UK sparked an unlikely NFL career"
Warren eases AJ injury fears: 'He can walk into a fight',https://www.skysports.com/boxing/news/12040/13333190/anthony-joshua-can-walk-straight-into-major-fight-despite-injury-setback-says-frank-warren,"Sun, 23 Mar 2025 07:00:00 GMT","Anthony Joshua should not rush his recovery from an injury as he can ""walk straight in"" to a major fight, says promoter Frank Warren.",Sports,"Warren eases AJ injury fears: 'He can walk into a fight' Anthony Joshua should not rush his recovery from an injury as he can ""walk straight in"" to a major fight, says promoter Frank Warren."
Chinese GP: Piastri leads Norris as Verstappen suffers poor start LIVE!,https://www.skysports.com/f1/live-blog/12040/13332079/f1-chinese-gp-live-race-qualifying-sprint-practice-updates-results-stream-highlights-from-shanghai-round,"Sun, 23 Mar 2025 06:58:00 GMT",,Sports,Chinese GP: Piastri leads Norris as Verstappen suffers poor start LIVE! 
Hovland in three-way tie for lead at Valspar with Lowry still in hunt,https://www.skysports.com/golf/news/12040/13334159/pga-tour-golf-viktor-hovland-in-three-way-tie-for-the-lead-in-valspar-championship,"Sat, 22 Mar 2025 23:40:00 GMT","Viktor Hovland was steady amid a wild Saturday of charges and collapses at the Valspar Championship, leaving him in a three-way tie for the lead at Innisbrook with two dozen players still very much in the mix.",Sports,"Hovland in three-way tie for lead at Valspar with Lowry still in hunt Viktor Hovland was steady amid a wild Saturday of charges and collapses at the Valspar Championship, leaving him in a three-way tie for the lead at Innisbrook with two dozen players still very much in the mix."
St Helens 12-14 Warrington,https://www.skysports.com/watch/video/13333519/st-helens-12-14-warrington-wolves-super-league-highlights,"Fri, 21 Mar 2025 22:10:00 GMT",Highlights of the Super League match between St Helens and Warrington Wolves.,Sports,St Helens 12-14 Warrington Highlights of the Super League match between St Helens and Warrington Wolves.
Wakefield 12-16 Hull FC,https://www.skysports.com/watch/video/13333528/wakefield-trinity-12-16-hull-fc-super-league-highlights,"Sat, 22 Mar 2025 00:00:00 GMT",Highlights of the Super League match between Wakefield Trinity and Hull FC.,Sports,Wakefield 12-16 Hull FC Highlights of the Super League match between Wakefield Trinity and Hull FC.
FIVE-STAR! Rangers trounce Hibernian to retain Sky Sports Cup,https://www.skysports.com/watch/video/13333953/rangers-trounce-hibs-to-retain-sky-sports-cup,"Sat, 22 Mar 2025 17:20:00 GMT",Highlights of the Sky Sports Cup final between Rangers and Hibernian.,Sports,FIVE-STAR! Rangers trounce Hibernian to retain Sky Sports Cup Highlights of the Sky Sports Cup final between Rangers and Hibernian.
Wales kick off World Cup qualifying with win over Kazakhstan,https://www.skysports.com/football/wales-vs-kazakhstan/report/525563,"Sat, 22 Mar 2025 21:51:00 GMT",Wales opened their World Cup campaign with a 3-1 victory over Kazakhstan.,Sports,Wales kick off World Cup qualifying with win over Kazakhstan Wales opened their World Cup campaign with a 3-1 victory over Kazakhstan.
No repeat of Indian Wells heroics for Draper amid fan exodus disruption in Miami,https://www.skysports.com/tennis/news/12040/13333898/jack-draper-jakub-mensik-beats-indian-wells-champion-in-miami-open-amid-disruption-of-mass-fan-exodus,"Sat, 22 Mar 2025 21:26:00 GMT",Indian Wells champion Jack Draper was toppled by a blizzard of blistering winners from Jakub Mensik amid a bizarre mass fan exodus disruption midway through the match at the Miami Open.,Sports,No repeat of Indian Wells heroics for Draper amid fan exodus disruption in Miami Indian Wells champion Jack Draper was toppled by a blizzard of blistering winners from Jakub Mensik amid a bizarre mass fan exodus disruption midway through the match at the Miami Open.
Tennis players' union accuses ATP of 'schoolyard bully behaviour',https://www.skysports.com/tennis/news/12040/13334084/professional-tennis-players-association-accuses-atp-of-schoolyard-bully-behaviour,"Sat, 22 Mar 2025 20:25:00 GMT",The Professional Tennis Players Association has accused the ATP of attempting to coerce players and is seeking a court order barring such conduct.,Sports,Tennis players' union accuses ATP of 'schoolyard bully behaviour' The Professional Tennis Players Association has accused the ATP of attempting to coerce players and is seeking a court order barring such conduct.
France hold off Ireland as Scotland edge Wales in Women's Six Nations,https://www.skysports.com/rugby-union/news/12040/13334061/womens-six-nations-france-hold-off-a-second-half-ireland-fightback-and-scotland-edge-wales,"Sat, 22 Mar 2025 19:32:00 GMT","France held off a second-half Ireland fightback to claim a 27-15 victory in the
opening match of the 2025 Women's Six Nations in Belfast.",Sports,"France hold off Ireland as Scotland edge Wales in Women's Six Nations France held off a second-half Ireland fightback to claim a 27-15 victory in the
opening match of the 2025 Women's Six Nations in Belfast."
"'An emotional time, it's taken a lot out of me' - Raducanu set for next Miami test",https://www.skysports.com/tennis/news/12040/13333897/emma-raducanu-british-no-2-set-to-face-american-mccartney-kessler-in-third-round-at-miami-open,"Sat, 22 Mar 2025 18:05:00 GMT","Emma Raducanu has revealed it's been an ""emotional time"" after a difficult year which has taken a lot out of her as she prepares to face American McCartney Kessler in the third round of the Miami Open on Sunday.",Sports,"'An emotional time, it's taken a lot out of me' - Raducanu set for next Miami test Emma Raducanu has revealed it's been an ""emotional time"" after a difficult year which has taken a lot out of her as she prepares to face American McCartney Kessler in the third round of the Miami Open on Sunday."
Anning makes British sporting history with 400m gold at World Indoors,https://www.skysports.com/athletics/news/12040/13333885/amber-anning-makes-british-sporting-history-with-400m-gold-at-world-athletics-indoor-championships,"Sat, 22 Mar 2025 16:57:00 GMT",Amber Anning stormed to 400 metres gold to claim her first senior individual international medal on the second day of the World Athletics Indoor Championships in China.,Sports,Anning makes British sporting history with 400m gold at World Indoors Amber Anning stormed to 400 metres gold to claim her first senior individual international medal on the second day of the World Athletics Indoor Championships in China.
Tuchel's mission to find a structure for Bellingham: 'We need to help him',https://www.skysports.com/football/news/12040/13333744/jude-bellingham-thomas-tuchels-mission-to-find-structure-for-real-madrid-midfielder-in-england-side,"Sat, 22 Mar 2025 18:30:00 GMT",Thomas Tuchel says his mission is to build a team around Jude Bellingham which brings the best out of one of England&#8217;s top players.,Sports,Tuchel's mission to find a structure for Bellingham: 'We need to help him' Thomas Tuchel says his mission is to build a team around Jude Bellingham which brings the best out of one of England&#8217;s top players.
Clarke: Retaining top tier Nations League status 'sets down marker',https://www.skysports.com/football/news/12040/13333826/steve-clarke-scotland-boss-hopes-retaining-top-tier-nations-league-status-sets-down-marker-ahead-of-world-cup-qualifying,"Sat, 22 Mar 2025 15:45:00 GMT",Scotland head coach Steve Clarke hopes that retaining top-tier status in the Nations League will &#8220;set down a marker&#8221; for 2026 World Cup qualifying.,Sports,Clarke: Retaining top tier Nations League status 'sets down marker' Scotland head coach Steve Clarke hopes that retaining top-tier status in the Nations League will &#8220;set down a marker&#8221; for 2026 World Cup qualifying.
Fourteen-year-old set to play on World Snooker Tour,https://www.skysports.com/snooker/news/12040/13333863/michal-szubarczyk-world-snooker-tour-nominate-14-year-old-for-two-year-card,"Sat, 22 Mar 2025 16:35:00 GMT",The World Snooker Tour looks set to have its youngest ever professional player after nominating 14-year-old Michal Szubarczyk for a two-year card.,Sports,Fourteen-year-old set to play on World Snooker Tour The World Snooker Tour looks set to have its youngest ever professional player after nominating 14-year-old Michal Szubarczyk for a two-year card.
Super League: Leeds hold off Wigan to win tense clash - as it happened,https://www.skysports.com/rugby-league/live-blog/12040/13333684/super-league-live-scores-updates-highlights-leeds-rhinos-vs-wigan-warriors-in-round-five,"Sat, 22 Mar 2025 16:30:00 GMT",,Sports,Super League: Leeds hold off Wigan to win tense clash - as it happened 
Miami Open scores:  Tiafoe in action overnight with Raducanu playing Sunday,https://www.skysports.com/tennis/scores-schedule,"Sat, 22 Mar 2025 21:30:00 GMT","Keep up with the latest scores, results and schedule from the Miami Open. Watch the ATP and WTA tournaments live on Sky.",Sports,"Miami Open scores:  Tiafoe in action overnight with Raducanu playing Sunday Keep up with the latest scores, results and schedule from the Miami Open. Watch the ATP and WTA tournaments live on Sky."
Norris sees Mercedes threat as 'uncertain' Chinese GP predicted,https://www.skysports.com/f1/news/12040/13333681/chinese-gp-mclaren-see-mercedes-threat-amid-f1-grids-expected-strategy-and-tyre-challenges-for-race,"Sat, 22 Mar 2025 15:00:00 GMT","After a chaotic season-opener in Melbourne, F1 is set for another unpredictable race in Sunday's Chinese Grand Prix.",Sports,"Norris sees Mercedes threat as 'uncertain' Chinese GP predicted After a chaotic season-opener in Melbourne, F1 is set for another unpredictable race in Sunday's Chinese Grand Prix."
Merson on Tuchel's England: 'Play the Premier League way? It's naive',https://www.skysports.com/football/news/12040/13333782/paul-merson-on-thomas-tuchels-england-play-the-premier-league-way-its-naive,"Sat, 22 Mar 2025 16:15:00 GMT",Paul Merson says England will have no chance of winning the World Cup playing high-tempo Premier League football.,Sports,Merson on Tuchel's England: 'Play the Premier League way? It's naive' Paul Merson says England will have no chance of winning the World Cup playing high-tempo Premier League football.
Like watching Leeds United! | Rhinos take the lead after unusual HEADED assist,https://www.skysports.com/watch/video/13334063/like-watching-leeds-united-rhinos-take-the-lead-after-bizarre-assist-of-halls-head,"Sat, 22 Mar 2025 19:16:00 GMT",Leeds Rhinos take the lead after the ball bounces off Ryan Hall's head to allow Jack Sinfield to score the try.,Sports,Like watching Leeds United! | Rhinos take the lead after unusual HEADED assist Leeds Rhinos take the lead after the ball bounces off Ryan Hall's head to allow Jack Sinfield to score the try.
